tentativa_id,pedido_id,dia,horario,metodo,status,valor,canal,codigo_erro
"19-0001","19-0001","2026-09-19","08:00:00","cartao","aprovado","100","web",""
"19-0002","19-0002","2026-09-19","08:00:00","cartao","aprovado","100","app",""
"19-0003","19-0003","2026-09-19","08:01:00","cartao","aprovado","100","web",""
"19-0004","19-0004","2026-09-19","08:01:00","cartao","aprovado","100","app",""
"19-0005","19-0005","2026-09-19","08:02:00","cartao","aprovado","100","web",""
"19-0006","19-0006","2026-09-19","08:03:00","cartao","aprovado","100","app",""
"19-0007","19-0007","2026-09-19","08:03:00","cartao","aprovado","100","web",""
"19-0008","19-0008","2026-09-19","08:04:00","cartao","aprovado","100","app",""
"19-0009","19-0009","2026-09-19","08:04:00","cartao","aprovado","100","web",""
"19-0010","19-0010","2026-09-19","08:05:00","cartao","aprovado","100","app",""
"19-0011","19-0011","2026-09-19","08:06:00","cartao","aprovado","100","web",""
"19-0012","19-0012","2026-09-19","08:06:00","cartao","aprovado","100","app",""
"19-0013","19-0013","2026-09-19","08:07:00","cartao","aprovado","100","web",""
"19-0014","19-0014","2026-09-19","08:07:00","cartao","aprovado","100","app",""
"19-0015","19-0015","2026-09-19","08:08:00","cartao","aprovado","100","web",""
"19-0016","19-0016","2026-09-19","08:09:00","cartao","aprovado","100","app",""
"19-0017","19-0017","2026-09-19","08:09:00","cartao","aprovado","100","web",""
"19-0018","19-0018","2026-09-19","08:10:00","cartao","aprovado","100","app",""
"19-0019","19-0019","2026-09-19","08:10:00","cartao","aprovado","100","web",""
"19-0020","19-0020","2026-09-19","08:11:00","cartao","aprovado","100","app",""
"19-0021","19-0021","2026-09-19","08:12:00","cartao","aprovado","100","web",""
"19-0022","19-0022","2026-09-19","08:12:00","cartao","aprovado","100","app",""
"19-0023","19-0023","2026-09-19","08:13:00","cartao","aprovado","100","web",""
"19-0024","19-0024","2026-09-19","08:13:00","cartao","aprovado","100","app",""
"19-0025","19-0025","2026-09-19","08:14:00","cartao","aprovado","100","web",""
"19-0026","19-0026","2026-09-19","08:15:00","cartao","aprovado","100","app",""
"19-0027","19-0027","2026-09-19","08:15:00","cartao","aprovado","100","web",""
"19-0028","19-0028","2026-09-19","08:16:00","cartao","aprovado","100","app",""
"19-0029","19-0029","2026-09-19","08:16:00","cartao","aprovado","100","web",""
"19-0030","19-0030","2026-09-19","08:17:00","cartao","aprovado","100","app",""
"19-0031","19-0031","2026-09-19","08:18:00","cartao","aprovado","100","web",""
"19-0032","19-0032","2026-09-19","08:18:00","cartao","aprovado","100","app",""
"19-0033","19-0033","2026-09-19","08:19:00","cartao","aprovado","100","web",""
"19-0034","19-0034","2026-09-19","08:19:00","cartao","aprovado","100","app",""
"19-0035","19-0035","2026-09-19","08:20:00","cartao","aprovado","100","web",""
"19-0036","19-0036","2026-09-19","08:21:00","cartao","aprovado","100","app",""
"19-0037","19-0037","2026-09-19","08:21:00","cartao","aprovado","100","web",""
"19-0038","19-0038","2026-09-19","08:22:00","cartao","aprovado","100","app",""
"19-0039","19-0039","2026-09-19","08:22:00","cartao","aprovado","100","web",""
"19-0040","19-0040","2026-09-19","08:23:00","cartao","aprovado","100","app",""
"19-0041","19-0041","2026-09-19","08:24:00","cartao","aprovado","100","web",""
"19-0042","19-0042","2026-09-19","08:24:00","cartao","aprovado","100","app",""
"19-0043","19-0043","2026-09-19","08:25:00","cartao","aprovado","100","web",""
"19-0044","19-0044","2026-09-19","08:25:00","cartao","aprovado","100","app",""
"19-0045","19-0045","2026-09-19","08:26:00","cartao","aprovado","100","web",""
"19-0046","19-0046","2026-09-19","08:27:00","cartao","aprovado","100","app",""
"19-0047","19-0047","2026-09-19","08:27:00","cartao","aprovado","100","web",""
"19-0048","19-0048","2026-09-19","08:28:00","cartao","aprovado","100","app",""
"19-0049","19-0049","2026-09-19","08:28:00","cartao","aprovado","100","web",""
"19-0050","19-0050","2026-09-19","08:29:00","cartao","aprovado","100","app",""
"19-0051","19-0051","2026-09-19","08:30:00","cartao","aprovado","100","web",""
"19-0052","19-0052","2026-09-19","08:30:00","cartao","aprovado","100","app",""
"19-0053","19-0053","2026-09-19","08:31:00","cartao","aprovado","100","web",""
"19-0054","19-0054","2026-09-19","08:31:00","cartao","aprovado","100","app",""
"19-0055","19-0055","2026-09-19","08:32:00","cartao","aprovado","100","web",""
"19-0056","19-0056","2026-09-19","08:33:00","cartao","aprovado","100","app",""
"19-0057","19-0057","2026-09-19","08:33:00","cartao","aprovado","100","web",""
"19-0058","19-0058","2026-09-19","08:34:00","cartao","aprovado","100","app",""
"19-0059","19-0059","2026-09-19","08:34:00","cartao","aprovado","100","web",""
"19-0060","19-0060","2026-09-19","08:35:00","cartao","aprovado","100","app",""
"19-0061","19-0061","2026-09-19","08:36:00","cartao","aprovado","100","web",""
"19-0062","19-0062","2026-09-19","08:36:00","cartao","aprovado","100","app",""
"19-0063","19-0063","2026-09-19","08:37:00","cartao","aprovado","100","web",""
"19-0064","19-0064","2026-09-19","08:37:00","cartao","aprovado","100","app",""
"19-0065","19-0065","2026-09-19","08:38:00","cartao","aprovado","100","web",""
"19-0066","19-0066","2026-09-19","08:39:00","cartao","aprovado","100","app",""
"19-0067","19-0067","2026-09-19","08:39:00","cartao","aprovado","100","web",""
"19-0068","19-0068","2026-09-19","08:40:00","cartao","aprovado","100","app",""
"19-0069","19-0069","2026-09-19","08:40:00","cartao","aprovado","100","web",""
"19-0070","19-0070","2026-09-19","08:41:00","cartao","aprovado","100","app",""
"19-0071","19-0071","2026-09-19","08:42:00","cartao","aprovado","100","web",""
"19-0072","19-0072","2026-09-19","08:42:00","cartao","aprovado","100","app",""
"19-0073","19-0073","2026-09-19","08:43:00","cartao","aprovado","100","web",""
"19-0074","19-0074","2026-09-19","08:43:00","cartao","aprovado","100","app",""
"19-0075","19-0075","2026-09-19","08:44:00","cartao","aprovado","100","web",""
"19-0076","19-0076","2026-09-19","08:45:00","cartao","aprovado","100","app",""
"19-0077","19-0077","2026-09-19","08:45:00","cartao","aprovado","100","web",""
"19-0078","19-0078","2026-09-19","08:46:00","cartao","aprovado","100","app",""
"19-0079","19-0079","2026-09-19","08:46:00","cartao","aprovado","100","web",""
"19-0080","19-0080","2026-09-19","08:47:00","cartao","aprovado","100","app",""
"19-0081","19-0081","2026-09-19","08:48:00","cartao","aprovado","100","web",""
"19-0082","19-0082","2026-09-19","08:48:00","cartao","aprovado","100","app",""
"19-0083","19-0083","2026-09-19","08:49:00","cartao","aprovado","100","web",""
"19-0084","19-0084","2026-09-19","08:49:00","cartao","aprovado","100","app",""
"19-0085","19-0085","2026-09-19","08:50:00","cartao","aprovado","100","web",""
"19-0086","19-0086","2026-09-19","08:51:00","cartao","aprovado","100","app",""
"19-0087","19-0087","2026-09-19","08:51:00","cartao","aprovado","100","web",""
"19-0088","19-0088","2026-09-19","08:52:00","cartao","aprovado","100","app",""
"19-0089","19-0089","2026-09-19","08:52:00","cartao","aprovado","100","web",""
"19-0090","19-0090","2026-09-19","08:53:00","cartao","aprovado","100","app",""
"19-0091","19-0091","2026-09-19","08:54:00","cartao","aprovado","100","web",""
"19-0092","19-0092","2026-09-19","08:54:00","cartao","aprovado","100","app",""
"19-0093","19-0093","2026-09-19","08:55:00","cartao","aprovado","100","web",""
"19-0094","19-0094","2026-09-19","08:55:00","cartao","aprovado","100","app",""
"19-0095","19-0095","2026-09-19","08:56:00","cartao","aprovado","100","web",""
"19-0096","19-0096","2026-09-19","08:57:00","cartao","aprovado","100","app",""
"19-0097","19-0097","2026-09-19","08:57:00","cartao","aprovado","100","web",""
"19-0098","19-0098","2026-09-19","08:58:00","cartao","aprovado","100","app",""
"19-0099","19-0099","2026-09-19","08:58:00","cartao","aprovado","100","web",""
"19-0100","19-0100","2026-09-19","08:59:00","cartao","aprovado","100","app",""
"19-0101","19-0101","2026-09-19","09:00:00","cartao","aprovado","100","web",""
"19-0102","19-0102","2026-09-19","09:00:00","cartao","aprovado","100","app",""
"19-0103","19-0103","2026-09-19","09:01:00","cartao","aprovado","100","web",""
"19-0104","19-0104","2026-09-19","09:01:00","cartao","aprovado","100","app",""
"19-0105","19-0105","2026-09-19","09:02:00","cartao","aprovado","100","web",""
"19-0106","19-0106","2026-09-19","09:03:00","cartao","aprovado","100","app",""
"19-0107","19-0107","2026-09-19","09:03:00","cartao","aprovado","100","web",""
"19-0108","19-0108","2026-09-19","09:04:00","cartao","aprovado","100","app",""
"19-0109","19-0109","2026-09-19","09:04:00","cartao","aprovado","100","web",""
"19-0110","19-0110","2026-09-19","09:05:00","cartao","aprovado","100","app",""
"19-0111","19-0111","2026-09-19","09:06:00","cartao","aprovado","100","web",""
"19-0112","19-0112","2026-09-19","09:06:00","cartao","aprovado","100","app",""
"19-0113","19-0113","2026-09-19","09:07:00","cartao","aprovado","100","web",""
"19-0114","19-0114","2026-09-19","09:07:00","cartao","aprovado","100","app",""
"19-0115","19-0115","2026-09-19","09:08:00","cartao","aprovado","100","web",""
"19-0116","19-0116","2026-09-19","09:09:00","cartao","aprovado","100","app",""
"19-0117","19-0117","2026-09-19","09:09:00","cartao","aprovado","100","web",""
"19-0118","19-0118","2026-09-19","09:10:00","cartao","aprovado","100","app",""
"19-0119","19-0119","2026-09-19","09:10:00","cartao","aprovado","100","web",""
"19-0120","19-0120","2026-09-19","09:11:00","cartao","aprovado","100","app",""
"19-0121","19-0121","2026-09-19","09:12:00","cartao","aprovado","100","web",""
"19-0122","19-0122","2026-09-19","09:12:00","cartao","aprovado","100","app",""
"19-0123","19-0123","2026-09-19","09:13:00","cartao","aprovado","100","web",""
"19-0124","19-0124","2026-09-19","09:13:00","cartao","aprovado","100","app",""
"19-0125","19-0125","2026-09-19","09:14:00","cartao","aprovado","100","web",""
"19-0126","19-0126","2026-09-19","09:15:00","cartao","aprovado","100","app",""
"19-0127","19-0127","2026-09-19","09:15:00","cartao","aprovado","100","web",""
"19-0128","19-0128","2026-09-19","09:16:00","cartao","aprovado","100","app",""
"19-0129","19-0129","2026-09-19","09:16:00","cartao","aprovado","100","web",""
"19-0130","19-0130","2026-09-19","09:17:00","cartao","aprovado","100","app",""
"19-0131","19-0131","2026-09-19","09:18:00","cartao","aprovado","100","web",""
"19-0132","19-0132","2026-09-19","09:18:00","cartao","aprovado","100","app",""
"19-0133","19-0133","2026-09-19","09:19:00","cartao","aprovado","100","web",""
"19-0134","19-0134","2026-09-19","09:19:00","cartao","aprovado","100","app",""
"19-0135","19-0135","2026-09-19","09:20:00","cartao","aprovado","100","web",""
"19-0136","19-0136","2026-09-19","09:21:00","cartao","aprovado","100","app",""
"19-0137","19-0137","2026-09-19","09:21:00","cartao","aprovado","100","web",""
"19-0138","19-0138","2026-09-19","09:22:00","cartao","aprovado","100","app",""
"19-0139","19-0139","2026-09-19","09:22:00","cartao","aprovado","100","web",""
"19-0140","19-0140","2026-09-19","09:23:00","cartao","aprovado","100","app",""
"19-0141","19-0141","2026-09-19","09:24:00","cartao","aprovado","100","web",""
"19-0142","19-0142","2026-09-19","09:24:00","cartao","aprovado","100","app",""
"19-0143","19-0143","2026-09-19","09:25:00","cartao","aprovado","100","web",""
"19-0144","19-0144","2026-09-19","09:25:00","cartao","aprovado","100","app",""
"19-0145","19-0145","2026-09-19","09:26:00","cartao","aprovado","100","web",""
"19-0146","19-0146","2026-09-19","09:27:00","cartao","aprovado","100","app",""
"19-0147","19-0147","2026-09-19","09:27:00","cartao","aprovado","100","web",""
"19-0148","19-0148","2026-09-19","09:28:00","cartao","aprovado","100","app",""
"19-0149","19-0149","2026-09-19","09:28:00","cartao","aprovado","100","web",""
"19-0150","19-0150","2026-09-19","09:29:00","cartao","aprovado","100","app",""
"19-0151","19-0151","2026-09-19","09:30:00","cartao","aprovado","100","web",""
"19-0152","19-0152","2026-09-19","09:30:00","cartao","aprovado","100","app",""
"19-0153","19-0153","2026-09-19","09:31:00","cartao","aprovado","100","web",""
"19-0154","19-0154","2026-09-19","09:31:00","cartao","aprovado","100","app",""
"19-0155","19-0155","2026-09-19","09:32:00","cartao","aprovado","100","web",""
"19-0156","19-0156","2026-09-19","09:33:00","cartao","aprovado","100","app",""
"19-0157","19-0157","2026-09-19","09:33:00","cartao","aprovado","100","web",""
"19-0158","19-0158","2026-09-19","09:34:00","cartao","aprovado","100","app",""
"19-0159","19-0159","2026-09-19","09:34:00","cartao","aprovado","100","web",""
"19-0160","19-0160","2026-09-19","09:35:00","cartao","aprovado","100","app",""
"19-0161","19-0161","2026-09-19","09:36:00","cartao","aprovado","100","web",""
"19-0162","19-0162","2026-09-19","09:36:00","cartao","aprovado","100","app",""
"19-0163","19-0163","2026-09-19","09:37:00","cartao","aprovado","100","web",""
"19-0164","19-0164","2026-09-19","09:37:00","cartao","aprovado","100","app",""
"19-0165","19-0165","2026-09-19","09:38:00","cartao","aprovado","100","web",""
"19-0166","19-0166","2026-09-19","09:39:00","cartao","aprovado","100","app",""
"19-0167","19-0167","2026-09-19","09:39:00","cartao","aprovado","100","web",""
"19-0168","19-0168","2026-09-19","09:40:00","cartao","aprovado","100","app",""
"19-0169","19-0169","2026-09-19","09:40:00","cartao","aprovado","100","web",""
"19-0170","19-0170","2026-09-19","09:41:00","cartao","aprovado","100","app",""
"19-0171","19-0171","2026-09-19","09:42:00","cartao","aprovado","100","web",""
"19-0172","19-0172","2026-09-19","09:42:00","cartao","aprovado","100","app",""
"19-0173","19-0173","2026-09-19","09:43:00","cartao","aprovado","100","web",""
"19-0174","19-0174","2026-09-19","09:43:00","cartao","aprovado","100","app",""
"19-0175","19-0175","2026-09-19","09:44:00","cartao","aprovado","100","web",""
"19-0176","19-0176","2026-09-19","09:45:00","cartao","aprovado","100","app",""
"19-0177","19-0177","2026-09-19","09:45:00","cartao","aprovado","100","web",""
"19-0178","19-0178","2026-09-19","09:46:00","cartao","aprovado","100","app",""
"19-0179","19-0179","2026-09-19","09:46:00","cartao","aprovado","100","web",""
"19-0180","19-0180","2026-09-19","09:47:00","cartao","aprovado","100","app",""
"19-0181","19-0181","2026-09-19","09:48:00","cartao","aprovado","100","web",""
"19-0182","19-0182","2026-09-19","09:48:00","cartao","aprovado","100","app",""
"19-0183","19-0183","2026-09-19","09:49:00","cartao","aprovado","100","web",""
"19-0184","19-0184","2026-09-19","09:49:00","cartao","aprovado","100","app",""
"19-0185","19-0185","2026-09-19","09:50:00","cartao","aprovado","100","web",""
"19-0186","19-0186","2026-09-19","09:51:00","cartao","aprovado","100","app",""
"19-0187","19-0187","2026-09-19","09:51:00","cartao","aprovado","100","web",""
"19-0188","19-0188","2026-09-19","09:52:00","cartao","aprovado","100","app",""
"19-0189","19-0189","2026-09-19","09:52:00","cartao","aprovado","100","web",""
"19-0190","19-0190","2026-09-19","09:53:00","cartao","aprovado","100","app",""
"19-0191","19-0191","2026-09-19","09:54:00","cartao","aprovado","100","web",""
"19-0192","19-0192","2026-09-19","09:54:00","cartao","aprovado","100","app",""
"19-0193","19-0193","2026-09-19","09:55:00","cartao","aprovado","100","web",""
"19-0194","19-0194","2026-09-19","09:55:00","cartao","aprovado","100","app",""
"19-0195","19-0195","2026-09-19","09:56:00","cartao","aprovado","100","web",""
"19-0196","19-0196","2026-09-19","09:57:00","cartao","aprovado","100","app",""
"19-0197","19-0197","2026-09-19","09:57:00","cartao","aprovado","100","web",""
"19-0198","19-0198","2026-09-19","09:58:00","cartao","aprovado","100","app",""
"19-0199","19-0199","2026-09-19","09:58:00","cartao","aprovado","100","web",""
"19-0200","19-0200","2026-09-19","09:59:00","cartao","aprovado","100","app",""
"19-0201","19-0201","2026-09-19","10:00:00","cartao","aprovado","100","web",""
"19-0202","19-0202","2026-09-19","10:00:00","cartao","aprovado","100","app",""
"19-0203","19-0203","2026-09-19","10:01:00","cartao","aprovado","100","web",""
"19-0204","19-0204","2026-09-19","10:01:00","cartao","aprovado","100","app",""
"19-0205","19-0205","2026-09-19","10:02:00","cartao","aprovado","100","web",""
"19-0206","19-0206","2026-09-19","10:03:00","cartao","aprovado","100","app",""
"19-0207","19-0207","2026-09-19","10:03:00","cartao","aprovado","100","web",""
"19-0208","19-0208","2026-09-19","10:04:00","cartao","aprovado","100","app",""
"19-0209","19-0209","2026-09-19","10:04:00","cartao","aprovado","100","web",""
"19-0210","19-0210","2026-09-19","10:05:00","cartao","aprovado","100","app",""
"19-0211","19-0211","2026-09-19","10:06:00","cartao","aprovado","100","web",""
"19-0212","19-0212","2026-09-19","10:06:00","cartao","aprovado","100","app",""
"19-0213","19-0213","2026-09-19","10:07:00","cartao","aprovado","100","web",""
"19-0214","19-0214","2026-09-19","10:07:00","cartao","aprovado","100","app",""
"19-0215","19-0215","2026-09-19","10:08:00","cartao","aprovado","100","web",""
"19-0216","19-0216","2026-09-19","10:09:00","cartao","aprovado","100","app",""
"19-0217","19-0217","2026-09-19","10:09:00","cartao","aprovado","100","web",""
"19-0218","19-0218","2026-09-19","10:10:00","cartao","aprovado","100","app",""
"19-0219","19-0219","2026-09-19","10:10:00","cartao","aprovado","100","web",""
"19-0220","19-0220","2026-09-19","10:11:00","cartao","aprovado","100","app",""
"19-0221","19-0221","2026-09-19","10:12:00","cartao","aprovado","100","web",""
"19-0222","19-0222","2026-09-19","10:12:00","cartao","aprovado","100","app",""
"19-0223","19-0223","2026-09-19","10:13:00","cartao","aprovado","100","web",""
"19-0224","19-0224","2026-09-19","10:13:00","cartao","aprovado","100","app",""
"19-0225","19-0225","2026-09-19","10:14:00","cartao","aprovado","100","web",""
"19-0226","19-0226","2026-09-19","10:15:00","cartao","aprovado","100","app",""
"19-0227","19-0227","2026-09-19","10:15:00","cartao","aprovado","100","web",""
"19-0228","19-0228","2026-09-19","10:16:00","cartao","aprovado","100","app",""
"19-0229","19-0229","2026-09-19","10:16:00","cartao","aprovado","100","web",""
"19-0230","19-0230","2026-09-19","10:17:00","cartao","aprovado","100","app",""
"19-0231","19-0231","2026-09-19","10:18:00","cartao","aprovado","100","web",""
"19-0232","19-0232","2026-09-19","10:18:00","cartao","aprovado","100","app",""
"19-0233","19-0233","2026-09-19","10:19:00","cartao","aprovado","100","web",""
"19-0234","19-0234","2026-09-19","10:19:00","cartao","aprovado","100","app",""
"19-0235","19-0235","2026-09-19","10:20:00","cartao","aprovado","100","web",""
"19-0236","19-0236","2026-09-19","10:21:00","cartao","aprovado","100","app",""
"19-0237","19-0237","2026-09-19","10:21:00","cartao","aprovado","100","web",""
"19-0238","19-0238","2026-09-19","10:22:00","cartao","aprovado","100","app",""
"19-0239","19-0239","2026-09-19","10:22:00","cartao","aprovado","100","web",""
"19-0240","19-0240","2026-09-19","10:23:00","cartao","aprovado","100","app",""
"19-0241","19-0241","2026-09-19","10:24:00","cartao","aprovado","100","web",""
"19-0242","19-0242","2026-09-19","10:24:00","cartao","aprovado","100","app",""
"19-0243","19-0243","2026-09-19","10:25:00","cartao","aprovado","100","web",""
"19-0244","19-0244","2026-09-19","10:25:00","cartao","aprovado","100","app",""
"19-0245","19-0245","2026-09-19","10:26:00","cartao","aprovado","100","web",""
"19-0246","19-0246","2026-09-19","10:27:00","cartao","aprovado","100","app",""
"19-0247","19-0247","2026-09-19","10:27:00","cartao","aprovado","100","web",""
"19-0248","19-0248","2026-09-19","10:28:00","cartao","aprovado","100","app",""
"19-0249","19-0249","2026-09-19","10:28:00","cartao","aprovado","100","web",""
"19-0250","19-0250","2026-09-19","10:29:00","cartao","aprovado","100","app",""
"19-0251","19-0251","2026-09-19","10:30:00","cartao","aprovado","100","web",""
"19-0252","19-0252","2026-09-19","10:30:00","cartao","aprovado","100","app",""
"19-0253","19-0253","2026-09-19","10:31:00","cartao","aprovado","100","web",""
"19-0254","19-0254","2026-09-19","10:31:00","cartao","aprovado","100","app",""
"19-0255","19-0255","2026-09-19","10:32:00","cartao","aprovado","100","web",""
"19-0256","19-0256","2026-09-19","10:33:00","cartao","aprovado","100","app",""
"19-0257","19-0257","2026-09-19","10:33:00","cartao","aprovado","100","web",""
"19-0258","19-0258","2026-09-19","10:34:00","cartao","aprovado","100","app",""
"19-0259","19-0259","2026-09-19","10:34:00","cartao","aprovado","100","web",""
"19-0260","19-0260","2026-09-19","10:35:00","cartao","aprovado","100","app",""
"19-0261","19-0261","2026-09-19","10:36:00","cartao","aprovado","100","web",""
"19-0262","19-0262","2026-09-19","10:36:00","cartao","aprovado","100","app",""
"19-0263","19-0263","2026-09-19","10:37:00","cartao","aprovado","100","web",""
"19-0264","19-0264","2026-09-19","10:37:00","cartao","aprovado","100","app",""
"19-0265","19-0265","2026-09-19","10:38:00","cartao","aprovado","100","web",""
"19-0266","19-0266","2026-09-19","10:39:00","cartao","aprovado","100","app",""
"19-0267","19-0267","2026-09-19","10:39:00","cartao","aprovado","100","web",""
"19-0268","19-0268","2026-09-19","10:40:00","cartao","aprovado","100","app",""
"19-0269","19-0269","2026-09-19","10:40:00","cartao","aprovado","100","web",""
"19-0270","19-0270","2026-09-19","10:41:00","cartao","aprovado","100","app",""
"19-0271","19-0271","2026-09-19","10:42:00","cartao","aprovado","100","web",""
"19-0272","19-0272","2026-09-19","10:42:00","cartao","aprovado","100","app",""
"19-0273","19-0273","2026-09-19","10:43:00","cartao","aprovado","100","web",""
"19-0274","19-0274","2026-09-19","10:43:00","cartao","aprovado","100","app",""
"19-0275","19-0275","2026-09-19","10:44:00","cartao","aprovado","100","web",""
"19-0276","19-0276","2026-09-19","10:45:00","cartao","aprovado","100","app",""
"19-0277","19-0277","2026-09-19","10:45:00","cartao","aprovado","100","web",""
"19-0278","19-0278","2026-09-19","10:46:00","cartao","aprovado","100","app",""
"19-0279","19-0279","2026-09-19","10:46:00","cartao","aprovado","100","web",""
"19-0280","19-0280","2026-09-19","10:47:00","cartao","aprovado","100","app",""
"19-0281","19-0281","2026-09-19","10:48:00","cartao","aprovado","100","web",""
"19-0282","19-0282","2026-09-19","10:48:00","cartao","aprovado","100","app",""
"19-0283","19-0283","2026-09-19","10:49:00","cartao","aprovado","100","web",""
"19-0284","19-0284","2026-09-19","10:49:00","cartao","aprovado","100","app",""
"19-0285","19-0285","2026-09-19","10:50:00","cartao","aprovado","100","web",""
"19-0286","19-0286","2026-09-19","10:51:00","cartao","aprovado","100","app",""
"19-0287","19-0287","2026-09-19","10:51:00","cartao","aprovado","100","web",""
"19-0288","19-0288","2026-09-19","10:52:00","cartao","aprovado","100","app",""
"19-0289","19-0289","2026-09-19","10:52:00","cartao","aprovado","100","web",""
"19-0290","19-0290","2026-09-19","10:53:00","cartao","aprovado","100","app",""
"19-0291","19-0291","2026-09-19","10:54:00","cartao","aprovado","100","web",""
"19-0292","19-0292","2026-09-19","10:54:00","cartao","aprovado","100","app",""
"19-0293","19-0293","2026-09-19","10:55:00","cartao","aprovado","100","web",""
"19-0294","19-0294","2026-09-19","10:55:00","cartao","aprovado","100","app",""
"19-0295","19-0295","2026-09-19","10:56:00","cartao","aprovado","100","web",""
"19-0296","19-0296","2026-09-19","10:57:00","cartao","aprovado","100","app",""
"19-0297","19-0297","2026-09-19","10:57:00","cartao","aprovado","100","web",""
"19-0298","19-0298","2026-09-19","10:58:00","cartao","aprovado","100","app",""
"19-0299","19-0299","2026-09-19","10:58:00","cartao","aprovado","100","web",""
"19-0300","19-0300","2026-09-19","10:59:00","cartao","aprovado","100","app",""
"19-0301","19-0301","2026-09-19","11:00:00","cartao","aprovado","100","web",""
"19-0302","19-0302","2026-09-19","11:00:00","cartao","aprovado","100","app",""
"19-0303","19-0303","2026-09-19","11:01:00","cartao","aprovado","100","web",""
"19-0304","19-0304","2026-09-19","11:01:00","cartao","aprovado","100","app",""
"19-0305","19-0305","2026-09-19","11:02:00","cartao","aprovado","100","web",""
"19-0306","19-0306","2026-09-19","11:03:00","cartao","aprovado","100","app",""
"19-0307","19-0307","2026-09-19","11:03:00","cartao","aprovado","100","web",""
"19-0308","19-0308","2026-09-19","11:04:00","cartao","aprovado","100","app",""
"19-0309","19-0309","2026-09-19","11:04:00","cartao","aprovado","100","web",""
"19-0310","19-0310","2026-09-19","11:05:00","cartao","aprovado","100","app",""
"19-0311","19-0311","2026-09-19","11:06:00","cartao","aprovado","100","web",""
"19-0312","19-0312","2026-09-19","11:06:00","cartao","aprovado","100","app",""
"19-0313","19-0313","2026-09-19","11:07:00","cartao","aprovado","100","web",""
"19-0314","19-0314","2026-09-19","11:07:00","cartao","aprovado","100","app",""
"19-0315","19-0315","2026-09-19","11:08:00","cartao","aprovado","100","web",""
"19-0316","19-0316","2026-09-19","11:09:00","cartao","aprovado","100","app",""
"19-0317","19-0317","2026-09-19","11:09:00","cartao","aprovado","100","web",""
"19-0318","19-0318","2026-09-19","11:10:00","cartao","aprovado","100","app",""
"19-0319","19-0319","2026-09-19","11:10:00","cartao","aprovado","100","web",""
"19-0320","19-0320","2026-09-19","11:11:00","cartao","aprovado","100","app",""
"19-0321","19-0321","2026-09-19","11:12:00","cartao","aprovado","100","web",""
"19-0322","19-0322","2026-09-19","11:12:00","cartao","aprovado","100","app",""
"19-0323","19-0323","2026-09-19","11:13:00","cartao","aprovado","100","web",""
"19-0324","19-0324","2026-09-19","11:13:00","cartao","aprovado","100","app",""
"19-0325","19-0325","2026-09-19","11:14:00","cartao","aprovado","100","web",""
"19-0326","19-0326","2026-09-19","11:15:00","cartao","aprovado","100","app",""
"19-0327","19-0327","2026-09-19","11:15:00","cartao","aprovado","100","web",""
"19-0328","19-0328","2026-09-19","11:16:00","cartao","aprovado","100","app",""
"19-0329","19-0329","2026-09-19","11:16:00","cartao","aprovado","100","web",""
"19-0330","19-0330","2026-09-19","11:17:00","cartao","aprovado","100","app",""
"19-0331","19-0331","2026-09-19","11:18:00","cartao","aprovado","100","web",""
"19-0332","19-0332","2026-09-19","11:18:00","cartao","aprovado","100","app",""
"19-0333","19-0333","2026-09-19","11:19:00","cartao","aprovado","100","web",""
"19-0334","19-0334","2026-09-19","11:19:00","cartao","aprovado","100","app",""
"19-0335","19-0335","2026-09-19","11:20:00","cartao","aprovado","100","web",""
"19-0336","19-0336","2026-09-19","11:21:00","cartao","aprovado","100","app",""
"19-0337","19-0337","2026-09-19","11:21:00","cartao","aprovado","100","web",""
"19-0338","19-0338","2026-09-19","11:22:00","cartao","aprovado","100","app",""
"19-0339","19-0339","2026-09-19","11:22:00","cartao","aprovado","100","web",""
"19-0340","19-0340","2026-09-19","11:23:00","cartao","aprovado","100","app",""
"19-0341","19-0341","2026-09-19","11:24:00","cartao","aprovado","100","web",""
"19-0342","19-0342","2026-09-19","11:24:00","cartao","aprovado","100","app",""
"19-0343","19-0343","2026-09-19","11:25:00","cartao","aprovado","100","web",""
"19-0344","19-0344","2026-09-19","11:25:00","cartao","aprovado","100","app",""
"19-0345","19-0345","2026-09-19","11:26:00","cartao","aprovado","100","web",""
"19-0346","19-0346","2026-09-19","11:27:00","cartao","aprovado","100","app",""
"19-0347","19-0347","2026-09-19","11:27:00","cartao","aprovado","100","web",""
"19-0348","19-0348","2026-09-19","11:28:00","cartao","aprovado","100","app",""
"19-0349","19-0349","2026-09-19","11:28:00","cartao","aprovado","100","web",""
"19-0350","19-0350","2026-09-19","11:29:00","cartao","aprovado","100","app",""
"19-0351","19-0351","2026-09-19","11:30:00","cartao","aprovado","100","web",""
"19-0352","19-0352","2026-09-19","11:30:00","cartao","aprovado","100","app",""
"19-0353","19-0353","2026-09-19","11:31:00","cartao","aprovado","100","web",""
"19-0354","19-0354","2026-09-19","11:31:00","cartao","aprovado","100","app",""
"19-0355","19-0355","2026-09-19","11:32:00","cartao","aprovado","100","web",""
"19-0356","19-0356","2026-09-19","11:33:00","cartao","aprovado","100","app",""
"19-0357","19-0357","2026-09-19","11:33:00","cartao","aprovado","100","web",""
"19-0358","19-0358","2026-09-19","11:34:00","cartao","aprovado","100","app",""
"19-0359","19-0359","2026-09-19","11:34:00","cartao","aprovado","100","web",""
"19-0360","19-0360","2026-09-19","11:35:00","cartao","aprovado","100","app",""
"19-0361","19-0361","2026-09-19","11:36:00","cartao","aprovado","100","web",""
"19-0362","19-0362","2026-09-19","11:36:00","cartao","aprovado","100","app",""
"19-0363","19-0363","2026-09-19","11:37:00","cartao","aprovado","100","web",""
"19-0364","19-0364","2026-09-19","11:37:00","cartao","aprovado","100","app",""
"19-0365","19-0365","2026-09-19","11:38:00","cartao","aprovado","100","web",""
"19-0366","19-0366","2026-09-19","11:39:00","cartao","aprovado","100","app",""
"19-0367","19-0367","2026-09-19","11:39:00","cartao","aprovado","100","web",""
"19-0368","19-0368","2026-09-19","11:40:00","cartao","aprovado","100","app",""
"19-0369","19-0369","2026-09-19","11:40:00","cartao","aprovado","100","web",""
"19-0370","19-0370","2026-09-19","11:41:00","cartao","aprovado","100","app",""
"19-0371","19-0371","2026-09-19","11:42:00","cartao","aprovado","100","web",""
"19-0372","19-0372","2026-09-19","11:42:00","cartao","aprovado","100","app",""
"19-0373","19-0373","2026-09-19","11:43:00","cartao","aprovado","100","web",""
"19-0374","19-0374","2026-09-19","11:43:00","cartao","aprovado","100","app",""
"19-0375","19-0375","2026-09-19","11:44:00","cartao","aprovado","100","web",""
"19-0376","19-0376","2026-09-19","11:45:00","cartao","aprovado","100","app",""
"19-0377","19-0377","2026-09-19","11:45:00","cartao","aprovado","100","web",""
"19-0378","19-0378","2026-09-19","11:46:00","cartao","aprovado","100","app",""
"19-0379","19-0379","2026-09-19","11:46:00","cartao","aprovado","100","web",""
"19-0380","19-0380","2026-09-19","11:47:00","cartao","aprovado","100","app",""
"19-0381","19-0381","2026-09-19","11:48:00","cartao","aprovado","100","web",""
"19-0382","19-0382","2026-09-19","11:48:00","cartao","aprovado","100","app",""
"19-0383","19-0383","2026-09-19","11:49:00","cartao","aprovado","100","web",""
"19-0384","19-0384","2026-09-19","11:49:00","cartao","aprovado","100","app",""
"19-0385","19-0385","2026-09-19","11:50:00","cartao","aprovado","100","web",""
"19-0386","19-0386","2026-09-19","11:51:00","cartao","aprovado","100","app",""
"19-0387","19-0387","2026-09-19","11:51:00","cartao","aprovado","100","web",""
"19-0388","19-0388","2026-09-19","11:52:00","cartao","aprovado","100","app",""
"19-0389","19-0389","2026-09-19","11:52:00","cartao","aprovado","100","web",""
"19-0390","19-0390","2026-09-19","11:53:00","cartao","aprovado","100","app",""
"19-0391","19-0391","2026-09-19","11:54:00","cartao","aprovado","100","web",""
"19-0392","19-0392","2026-09-19","11:54:00","cartao","aprovado","100","app",""
"19-0393","19-0393","2026-09-19","11:55:00","cartao","aprovado","100","web",""
"19-0394","19-0394","2026-09-19","11:55:00","cartao","aprovado","100","app",""
"19-0395","19-0395","2026-09-19","11:56:00","cartao","aprovado","100","web",""
"19-0396","19-0396","2026-09-19","11:57:00","cartao","aprovado","100","app",""
"19-0397","19-0397","2026-09-19","11:57:00","cartao","aprovado","100","web",""
"19-0398","19-0398","2026-09-19","11:58:00","cartao","aprovado","100","app",""
"19-0399","19-0399","2026-09-19","11:58:00","cartao","aprovado","100","web",""
"19-0400","19-0400","2026-09-19","11:59:00","cartao","aprovado","100","app",""
"19-0401","19-0401","2026-09-19","12:00:00","cartao","aprovado","100","web",""
"19-0402","19-0402","2026-09-19","12:00:00","cartao","aprovado","100","app",""
"19-0403","19-0403","2026-09-19","12:01:00","cartao","aprovado","100","web",""
"19-0404","19-0404","2026-09-19","12:01:00","cartao","aprovado","100","app",""
"19-0405","19-0405","2026-09-19","12:02:00","cartao","aprovado","100","web",""
"19-0406","19-0406","2026-09-19","12:03:00","cartao","aprovado","100","app",""
"19-0407","19-0407","2026-09-19","12:03:00","cartao","aprovado","100","web",""
"19-0408","19-0408","2026-09-19","12:04:00","cartao","aprovado","100","app",""
"19-0409","19-0409","2026-09-19","12:04:00","cartao","aprovado","100","web",""
"19-0410","19-0410","2026-09-19","12:05:00","cartao","aprovado","100","app",""
"19-0411","19-0411","2026-09-19","12:06:00","cartao","aprovado","100","web",""
"19-0412","19-0412","2026-09-19","12:06:00","cartao","aprovado","100","app",""
"19-0413","19-0413","2026-09-19","12:07:00","cartao","aprovado","100","web",""
"19-0414","19-0414","2026-09-19","12:07:00","cartao","aprovado","100","app",""
"19-0415","19-0415","2026-09-19","12:08:00","cartao","aprovado","100","web",""
"19-0416","19-0416","2026-09-19","12:09:00","cartao","aprovado","100","app",""
"19-0417","19-0417","2026-09-19","12:09:00","cartao","aprovado","100","web",""
"19-0418","19-0418","2026-09-19","12:10:00","cartao","aprovado","100","app",""
"19-0419","19-0419","2026-09-19","12:10:00","cartao","aprovado","100","web",""
"19-0420","19-0420","2026-09-19","12:11:00","cartao","aprovado","100","app",""
"19-0421","19-0421","2026-09-19","12:12:00","cartao","aprovado","100","web",""
"19-0422","19-0422","2026-09-19","12:12:00","cartao","aprovado","100","app",""
"19-0423","19-0423","2026-09-19","12:13:00","cartao","aprovado","100","web",""
"19-0424","19-0424","2026-09-19","12:13:00","cartao","aprovado","100","app",""
"19-0425","19-0425","2026-09-19","12:14:00","cartao","aprovado","100","web",""
"19-0426","19-0426","2026-09-19","12:15:00","cartao","aprovado","100","app",""
"19-0427","19-0427","2026-09-19","12:15:00","cartao","aprovado","100","web",""
"19-0428","19-0428","2026-09-19","12:16:00","cartao","aprovado","100","app",""
"19-0429","19-0429","2026-09-19","12:16:00","cartao","aprovado","100","web",""
"19-0430","19-0430","2026-09-19","12:17:00","cartao","aprovado","100","app",""
"19-0431","19-0431","2026-09-19","12:18:00","cartao","aprovado","100","web",""
"19-0432","19-0432","2026-09-19","12:18:00","cartao","aprovado","100","app",""
"19-0433","19-0433","2026-09-19","12:19:00","cartao","aprovado","100","web",""
"19-0434","19-0434","2026-09-19","12:19:00","cartao","aprovado","100","app",""
"19-0435","19-0435","2026-09-19","12:20:00","cartao","aprovado","100","web",""
"19-0436","19-0436","2026-09-19","12:21:00","cartao","aprovado","100","app",""
"19-0437","19-0437","2026-09-19","12:21:00","cartao","aprovado","100","web",""
"19-0438","19-0438","2026-09-19","12:22:00","cartao","aprovado","100","app",""
"19-0439","19-0439","2026-09-19","12:22:00","cartao","aprovado","100","web",""
"19-0440","19-0440","2026-09-19","12:23:00","cartao","aprovado","100","app",""
"19-0441","19-0441","2026-09-19","12:24:00","cartao","aprovado","100","web",""
"19-0442","19-0442","2026-09-19","12:24:00","cartao","aprovado","100","app",""
"19-0443","19-0443","2026-09-19","12:25:00","cartao","aprovado","100","web",""
"19-0444","19-0444","2026-09-19","12:25:00","cartao","aprovado","100","app",""
"19-0445","19-0445","2026-09-19","12:26:00","cartao","aprovado","100","web",""
"19-0446","19-0446","2026-09-19","12:27:00","cartao","aprovado","100","app",""
"19-0447","19-0447","2026-09-19","12:27:00","cartao","aprovado","100","web",""
"19-0448","19-0448","2026-09-19","12:28:00","cartao","aprovado","100","app",""
"19-0449","19-0449","2026-09-19","12:28:00","cartao","aprovado","100","web",""
"19-0450","19-0450","2026-09-19","12:29:00","cartao","aprovado","100","app",""
"19-0451","19-0451","2026-09-19","12:30:00","cartao","aprovado","100","web",""
"19-0452","19-0452","2026-09-19","12:30:00","cartao","aprovado","100","app",""
"19-0453","19-0453","2026-09-19","12:31:00","cartao","aprovado","100","web",""
"19-0454","19-0454","2026-09-19","12:31:00","cartao","aprovado","100","app",""
"19-0455","19-0455","2026-09-19","12:32:00","cartao","aprovado","100","web",""
"19-0456","19-0456","2026-09-19","12:33:00","cartao","aprovado","100","app",""
"19-0457","19-0457","2026-09-19","12:33:00","cartao","aprovado","100","web",""
"19-0458","19-0458","2026-09-19","12:34:00","cartao","aprovado","100","app",""
"19-0459","19-0459","2026-09-19","12:34:00","cartao","aprovado","100","web",""
"19-0460","19-0460","2026-09-19","12:35:00","cartao","aprovado","100","app",""
"19-0461","19-0461","2026-09-19","12:36:00","cartao","aprovado","100","web",""
"19-0462","19-0462","2026-09-19","12:36:00","cartao","aprovado","100","app",""
"19-0463","19-0463","2026-09-19","12:37:00","cartao","aprovado","100","web",""
"19-0464","19-0464","2026-09-19","12:37:00","cartao","aprovado","100","app",""
"19-0465","19-0465","2026-09-19","12:38:00","cartao","aprovado","100","web",""
"19-0466","19-0466","2026-09-19","12:39:00","cartao","aprovado","100","app",""
"19-0467","19-0467","2026-09-19","12:39:00","cartao","aprovado","100","web",""
"19-0468","19-0468","2026-09-19","12:40:00","cartao","aprovado","100","app",""
"19-0469","19-0469","2026-09-19","12:40:00","cartao","aprovado","100","web",""
"19-0470","19-0470","2026-09-19","12:41:00","cartao","aprovado","100","app",""
"19-0471","19-0471","2026-09-19","12:42:00","cartao","aprovado","100","web",""
"19-0472","19-0472","2026-09-19","12:42:00","cartao","aprovado","100","app",""
"19-0473","19-0473","2026-09-19","12:43:00","cartao","aprovado","100","web",""
"19-0474","19-0474","2026-09-19","12:43:00","cartao","aprovado","100","app",""
"19-0475","19-0475","2026-09-19","12:44:00","cartao","aprovado","100","web",""
"19-0476","19-0476","2026-09-19","12:45:00","cartao","aprovado","100","app",""
"19-0477","19-0477","2026-09-19","12:45:00","cartao","aprovado","100","web",""
"19-0478","19-0478","2026-09-19","12:46:00","cartao","aprovado","100","app",""
"19-0479","19-0479","2026-09-19","12:46:00","cartao","aprovado","100","web",""
"19-0480","19-0480","2026-09-19","12:47:00","cartao","aprovado","100","app",""
"19-0481","19-0481","2026-09-19","12:48:00","cartao","aprovado","100","web",""
"19-0482","19-0482","2026-09-19","12:48:00","cartao","aprovado","100","app",""
"19-0483","19-0483","2026-09-19","12:49:00","cartao","aprovado","100","web",""
"19-0484","19-0484","2026-09-19","12:49:00","cartao","aprovado","100","app",""
"19-0485","19-0485","2026-09-19","12:50:00","cartao","aprovado","100","web",""
"19-0486","19-0486","2026-09-19","12:51:00","cartao","aprovado","100","app",""
"19-0487","19-0487","2026-09-19","12:51:00","cartao","aprovado","100","web",""
"19-0488","19-0488","2026-09-19","12:52:00","cartao","aprovado","100","app",""
"19-0489","19-0489","2026-09-19","12:52:00","cartao","aprovado","100","web",""
"19-0490","19-0490","2026-09-19","12:53:00","cartao","aprovado","100","app",""
"19-0491","19-0491","2026-09-19","12:54:00","cartao","aprovado","100","web",""
"19-0492","19-0492","2026-09-19","12:54:00","cartao","aprovado","100","app",""
"19-0493","19-0493","2026-09-19","12:55:00","cartao","aprovado","100","web",""
"19-0494","19-0494","2026-09-19","12:55:00","cartao","aprovado","100","app",""
"19-0495","19-0495","2026-09-19","12:56:00","cartao","aprovado","100","web",""
"19-0496","19-0496","2026-09-19","12:57:00","cartao","aprovado","100","app",""
"19-0497","19-0497","2026-09-19","12:57:00","cartao","aprovado","100","web",""
"19-0498","19-0498","2026-09-19","12:58:00","cartao","aprovado","100","app",""
"19-0499","19-0499","2026-09-19","12:58:00","cartao","aprovado","100","web",""
"19-0500","19-0500","2026-09-19","12:59:00","cartao","aprovado","100","app",""
"19-0501","19-0501","2026-09-19","13:00:00","cartao","aprovado","100","web",""
"19-0502","19-0502","2026-09-19","13:00:00","cartao","aprovado","100","app",""
"19-0503","19-0503","2026-09-19","13:01:00","cartao","aprovado","100","web",""
"19-0504","19-0504","2026-09-19","13:01:00","cartao","aprovado","100","app",""
"19-0505","19-0505","2026-09-19","13:02:00","cartao","aprovado","100","web",""
"19-0506","19-0506","2026-09-19","13:03:00","cartao","aprovado","100","app",""
"19-0507","19-0507","2026-09-19","13:03:00","cartao","aprovado","100","web",""
"19-0508","19-0508","2026-09-19","13:04:00","cartao","aprovado","100","app",""
"19-0509","19-0509","2026-09-19","13:04:00","cartao","aprovado","100","web",""
"19-0510","19-0510","2026-09-19","13:05:00","cartao","aprovado","100","app",""
"19-0511","19-0511","2026-09-19","13:06:00","cartao","aprovado","100","web",""
"19-0512","19-0512","2026-09-19","13:06:00","cartao","aprovado","100","app",""
"19-0513","19-0513","2026-09-19","13:07:00","cartao","aprovado","100","web",""
"19-0514","19-0514","2026-09-19","13:07:00","cartao","aprovado","100","app",""
"19-0515","19-0515","2026-09-19","13:08:00","cartao","aprovado","100","web",""
"19-0516","19-0516","2026-09-19","13:09:00","cartao","aprovado","100","app",""
"19-0517","19-0517","2026-09-19","13:09:00","cartao","aprovado","100","web",""
"19-0518","19-0518","2026-09-19","13:10:00","cartao","aprovado","100","app",""
"19-0519","19-0519","2026-09-19","13:10:00","cartao","aprovado","100","web",""
"19-0520","19-0520","2026-09-19","13:11:00","cartao","aprovado","100","app",""
"19-0521","19-0521","2026-09-19","13:12:00","cartao","aprovado","100","web",""
"19-0522","19-0522","2026-09-19","13:12:00","cartao","aprovado","100","app",""
"19-0523","19-0523","2026-09-19","13:13:00","cartao","aprovado","100","web",""
"19-0524","19-0524","2026-09-19","13:13:00","cartao","aprovado","100","app",""
"19-0525","19-0525","2026-09-19","13:14:00","cartao","aprovado","100","web",""
"19-0526","19-0526","2026-09-19","13:15:00","cartao","aprovado","100","app",""
"19-0527","19-0527","2026-09-19","13:15:00","cartao","aprovado","100","web",""
"19-0528","19-0528","2026-09-19","13:16:00","cartao","aprovado","100","app",""
"19-0529","19-0529","2026-09-19","13:16:00","cartao","aprovado","100","web",""
"19-0530","19-0530","2026-09-19","13:17:00","cartao","aprovado","100","app",""
"19-0531","19-0531","2026-09-19","13:18:00","cartao","aprovado","100","web",""
"19-0532","19-0532","2026-09-19","13:18:00","cartao","aprovado","100","app",""
"19-0533","19-0533","2026-09-19","13:19:00","cartao","aprovado","100","web",""
"19-0534","19-0534","2026-09-19","13:19:00","cartao","aprovado","100","app",""
"19-0535","19-0535","2026-09-19","13:20:00","cartao","aprovado","100","web",""
"19-0536","19-0536","2026-09-19","13:21:00","cartao","aprovado","100","app",""
"19-0537","19-0537","2026-09-19","13:21:00","cartao","aprovado","100","web",""
"19-0538","19-0538","2026-09-19","13:22:00","cartao","aprovado","100","app",""
"19-0539","19-0539","2026-09-19","13:22:00","cartao","aprovado","100","web",""
"19-0540","19-0540","2026-09-19","13:23:00","cartao","aprovado","100","app",""
"19-0541","19-0541","2026-09-19","13:24:00","cartao","falhou","100","web","RECUSADO"
"19-0542","19-0542","2026-09-19","13:24:00","cartao","falhou","100","app","RECUSADO"
"19-0543","19-0543","2026-09-19","13:25:00","cartao","falhou","100","web","RECUSADO"
"19-0544","19-0544","2026-09-19","13:25:00","cartao","falhou","100","app","RECUSADO"
"19-0545","19-0545","2026-09-19","13:26:00","cartao","falhou","100","web","RECUSADO"
"19-0546","19-0546","2026-09-19","13:27:00","cartao","falhou","100","app","RECUSADO"
"19-0547","19-0547","2026-09-19","13:27:00","cartao","falhou","100","web","RECUSADO"
"19-0548","19-0548","2026-09-19","13:28:00","cartao","falhou","100","app","RECUSADO"
"19-0549","19-0549","2026-09-19","13:28:00","cartao","falhou","100","web","RECUSADO"
"19-0550","19-0550","2026-09-19","13:29:00","cartao","falhou","100","app","RECUSADO"
"19-0551","19-0551","2026-09-19","13:30:00","cartao","falhou","100","web","RECUSADO"
"19-0552","19-0552","2026-09-19","13:30:00","cartao","falhou","100","app","RECUSADO"
"19-0553","19-0553","2026-09-19","13:31:00","cartao","falhou","100","web","RECUSADO"
"19-0554","19-0554","2026-09-19","13:31:00","cartao","falhou","100","app","RECUSADO"
"19-0555","19-0555","2026-09-19","13:32:00","cartao","falhou","100","web","RECUSADO"
"19-0556","19-0556","2026-09-19","13:33:00","cartao","falhou","100","app","RECUSADO"
"19-0557","19-0557","2026-09-19","13:33:00","cartao","falhou","100","web","RECUSADO"
"19-0558","19-0558","2026-09-19","13:34:00","cartao","falhou","100","app","RECUSADO"
"19-0559","19-0559","2026-09-19","13:34:00","cartao","falhou","100","web","RECUSADO"
"19-0560","19-0560","2026-09-19","13:35:00","cartao","falhou","100","app","RECUSADO"
"19-0561","19-0561","2026-09-19","13:36:00","cartao","falhou","100","web","RECUSADO"
"19-0562","19-0562","2026-09-19","13:36:00","cartao","falhou","100","app","RECUSADO"
"19-0563","19-0563","2026-09-19","13:37:00","cartao","falhou","100","web","RECUSADO"
"19-0564","19-0564","2026-09-19","13:37:00","cartao","falhou","100","app","RECUSADO"
"19-0565","19-0565","2026-09-19","13:38:00","cartao","falhou","100","web","RECUSADO"
"19-0566","19-0566","2026-09-19","13:39:00","cartao","falhou","100","app","RECUSADO"
"19-0567","19-0567","2026-09-19","13:39:00","cartao","falhou","100","web","RECUSADO"
"19-0568","19-0568","2026-09-19","13:40:00","cartao","falhou","100","app","RECUSADO"
"19-0569","19-0569","2026-09-19","13:40:00","cartao","falhou","100","web","RECUSADO"
"19-0570","19-0570","2026-09-19","13:41:00","cartao","falhou","100","app","RECUSADO"
"19-0571","19-0571","2026-09-19","13:42:00","cartao","falhou","100","web","RECUSADO"
"19-0572","19-0572","2026-09-19","13:42:00","cartao","falhou","100","app","RECUSADO"
"19-0573","19-0573","2026-09-19","13:43:00","cartao","falhou","100","web","RECUSADO"
"19-0574","19-0574","2026-09-19","13:43:00","cartao","falhou","100","app","RECUSADO"
"19-0575","19-0575","2026-09-19","13:44:00","cartao","falhou","100","web","RECUSADO"
"19-0576","19-0576","2026-09-19","13:45:00","cartao","falhou","100","app","RECUSADO"
"19-0577","19-0577","2026-09-19","13:45:00","cartao","falhou","100","web","RECUSADO"
"19-0578","19-0578","2026-09-19","13:46:00","cartao","falhou","100","app","RECUSADO"
"19-0579","19-0579","2026-09-19","13:46:00","cartao","falhou","100","web","RECUSADO"
"19-0580","19-0580","2026-09-19","13:47:00","cartao","falhou","100","app","RECUSADO"
"19-0581","19-0581","2026-09-19","13:48:00","cartao","falhou","100","web","RECUSADO"
"19-0582","19-0582","2026-09-19","13:48:00","cartao","falhou","100","app","RECUSADO"
"19-0583","19-0583","2026-09-19","13:49:00","cartao","falhou","100","web","RECUSADO"
"19-0584","19-0584","2026-09-19","13:49:00","cartao","falhou","100","app","RECUSADO"
"19-0585","19-0585","2026-09-19","13:50:00","cartao","falhou","100","web","RECUSADO"
"19-0586","19-0586","2026-09-19","13:51:00","cartao","falhou","100","app","RECUSADO"
"19-0587","19-0587","2026-09-19","13:51:00","cartao","falhou","100","web","RECUSADO"
"19-0588","19-0588","2026-09-19","13:52:00","cartao","falhou","100","app","RECUSADO"
"19-0589","19-0589","2026-09-19","13:52:00","cartao","falhou","100","web","RECUSADO"
"19-0590","19-0590","2026-09-19","13:53:00","cartao","falhou","100","app","RECUSADO"
"19-0591","19-0591","2026-09-19","13:54:00","cartao","falhou","100","web","RECUSADO"
"19-0592","19-0592","2026-09-19","13:54:00","cartao","falhou","100","app","RECUSADO"
"19-0593","19-0593","2026-09-19","13:55:00","cartao","falhou","100","web","RECUSADO"
"19-0594","19-0594","2026-09-19","13:55:00","cartao","falhou","100","app","RECUSADO"
"19-0595","19-0595","2026-09-19","13:56:00","cartao","falhou","100","web","RECUSADO"
"19-0596","19-0596","2026-09-19","13:57:00","cartao","falhou","100","app","RECUSADO"
"19-0597","19-0597","2026-09-19","13:57:00","cartao","falhou","100","web","RECUSADO"
"19-0598","19-0598","2026-09-19","13:58:00","cartao","falhou","100","app","RECUSADO"
"19-0599","19-0599","2026-09-19","13:58:00","cartao","falhou","100","web","RECUSADO"
"19-0600","19-0600","2026-09-19","13:59:00","cartao","falhou","100","app","RECUSADO"
"19-0601","19-0601","2026-09-19","14:00:00","pix","aprovado","100","web",""
"19-0602","19-0602","2026-09-19","14:00:00","pix","aprovado","100","app",""
"19-0603","19-0603","2026-09-19","14:01:00","pix","aprovado","100","web",""
"19-0604","19-0604","2026-09-19","14:01:00","pix","aprovado","100","app",""
"19-0605","19-0605","2026-09-19","14:02:00","pix","aprovado","100","web",""
"19-0606","19-0606","2026-09-19","14:03:00","pix","aprovado","100","app",""
"19-0607","19-0607","2026-09-19","14:03:00","pix","aprovado","100","web",""
"19-0608","19-0608","2026-09-19","14:04:00","pix","aprovado","100","app",""
"19-0609","19-0609","2026-09-19","14:04:00","pix","aprovado","100","web",""
"19-0610","19-0610","2026-09-19","14:05:00","pix","aprovado","100","app",""
"19-0611","19-0611","2026-09-19","14:06:00","pix","aprovado","100","web",""
"19-0612","19-0612","2026-09-19","14:06:00","pix","aprovado","100","app",""
"19-0613","19-0613","2026-09-19","14:07:00","pix","aprovado","100","web",""
"19-0614","19-0614","2026-09-19","14:07:00","pix","aprovado","100","app",""
"19-0615","19-0615","2026-09-19","14:08:00","pix","aprovado","100","web",""
"19-0616","19-0616","2026-09-19","14:09:00","pix","aprovado","100","app",""
"19-0617","19-0617","2026-09-19","14:09:00","pix","aprovado","100","web",""
"19-0618","19-0618","2026-09-19","14:10:00","pix","aprovado","100","app",""
"19-0619","19-0619","2026-09-19","14:10:00","pix","aprovado","100","web",""
"19-0620","19-0620","2026-09-19","14:11:00","pix","aprovado","100","app",""
"19-0621","19-0621","2026-09-19","14:12:00","pix","aprovado","100","web",""
"19-0622","19-0622","2026-09-19","14:12:00","pix","aprovado","100","app",""
"19-0623","19-0623","2026-09-19","14:13:00","pix","aprovado","100","web",""
"19-0624","19-0624","2026-09-19","14:13:00","pix","aprovado","100","app",""
"19-0625","19-0625","2026-09-19","14:14:00","pix","aprovado","100","web",""
"19-0626","19-0626","2026-09-19","14:15:00","pix","aprovado","100","app",""
"19-0627","19-0627","2026-09-19","14:15:00","pix","aprovado","100","web",""
"19-0628","19-0628","2026-09-19","14:16:00","pix","aprovado","100","app",""
"19-0629","19-0629","2026-09-19","14:16:00","pix","aprovado","100","web",""
"19-0630","19-0630","2026-09-19","14:17:00","pix","aprovado","100","app",""
"19-0631","19-0631","2026-09-19","14:18:00","pix","aprovado","100","web",""
"19-0632","19-0632","2026-09-19","14:18:00","pix","aprovado","100","app",""
"19-0633","19-0633","2026-09-19","14:19:00","pix","aprovado","100","web",""
"19-0634","19-0634","2026-09-19","14:19:00","pix","aprovado","100","app",""
"19-0635","19-0635","2026-09-19","14:20:00","pix","aprovado","100","web",""
"19-0636","19-0636","2026-09-19","14:21:00","pix","aprovado","100","app",""
"19-0637","19-0637","2026-09-19","14:21:00","pix","aprovado","100","web",""
"19-0638","19-0638","2026-09-19","14:22:00","pix","aprovado","100","app",""
"19-0639","19-0639","2026-09-19","14:22:00","pix","aprovado","100","web",""
"19-0640","19-0640","2026-09-19","14:23:00","pix","aprovado","100","app",""
"19-0641","19-0641","2026-09-19","14:24:00","pix","aprovado","100","web",""
"19-0642","19-0642","2026-09-19","14:24:00","pix","aprovado","100","app",""
"19-0643","19-0643","2026-09-19","14:25:00","pix","aprovado","100","web",""
"19-0644","19-0644","2026-09-19","14:25:00","pix","aprovado","100","app",""
"19-0645","19-0645","2026-09-19","14:26:00","pix","aprovado","100","web",""
"19-0646","19-0646","2026-09-19","14:27:00","pix","aprovado","100","app",""
"19-0647","19-0647","2026-09-19","14:27:00","pix","aprovado","100","web",""
"19-0648","19-0648","2026-09-19","14:28:00","pix","aprovado","100","app",""
"19-0649","19-0649","2026-09-19","14:28:00","pix","aprovado","100","web",""
"19-0650","19-0650","2026-09-19","14:29:00","pix","aprovado","100","app",""
"19-0651","19-0651","2026-09-19","14:30:00","pix","aprovado","100","web",""
"19-0652","19-0652","2026-09-19","14:30:00","pix","aprovado","100","app",""
"19-0653","19-0653","2026-09-19","14:31:00","pix","aprovado","100","web",""
"19-0654","19-0654","2026-09-19","14:31:00","pix","aprovado","100","app",""
"19-0655","19-0655","2026-09-19","14:32:00","pix","aprovado","100","web",""
"19-0656","19-0656","2026-09-19","14:33:00","pix","aprovado","100","app",""
"19-0657","19-0657","2026-09-19","14:33:00","pix","aprovado","100","web",""
"19-0658","19-0658","2026-09-19","14:34:00","pix","aprovado","100","app",""
"19-0659","19-0659","2026-09-19","14:34:00","pix","aprovado","100","web",""
"19-0660","19-0660","2026-09-19","14:35:00","pix","aprovado","100","app",""
"19-0661","19-0661","2026-09-19","14:36:00","pix","aprovado","100","web",""
"19-0662","19-0662","2026-09-19","14:36:00","pix","aprovado","100","app",""
"19-0663","19-0663","2026-09-19","14:37:00","pix","aprovado","100","web",""
"19-0664","19-0664","2026-09-19","14:37:00","pix","aprovado","100","app",""
"19-0665","19-0665","2026-09-19","14:38:00","pix","aprovado","100","web",""
"19-0666","19-0666","2026-09-19","14:39:00","pix","aprovado","100","app",""
"19-0667","19-0667","2026-09-19","14:39:00","pix","aprovado","100","web",""
"19-0668","19-0668","2026-09-19","14:40:00","pix","aprovado","100","app",""
"19-0669","19-0669","2026-09-19","14:40:00","pix","aprovado","100","web",""
"19-0670","19-0670","2026-09-19","14:41:00","pix","aprovado","100","app",""
"19-0671","19-0671","2026-09-19","14:42:00","pix","aprovado","100","web",""
"19-0672","19-0672","2026-09-19","14:42:00","pix","aprovado","100","app",""
"19-0673","19-0673","2026-09-19","14:43:00","pix","aprovado","100","web",""
"19-0674","19-0674","2026-09-19","14:43:00","pix","aprovado","100","app",""
"19-0675","19-0675","2026-09-19","14:44:00","pix","aprovado","100","web",""
"19-0676","19-0676","2026-09-19","14:45:00","pix","aprovado","100","app",""
"19-0677","19-0677","2026-09-19","14:45:00","pix","aprovado","100","web",""
"19-0678","19-0678","2026-09-19","14:46:00","pix","aprovado","100","app",""
"19-0679","19-0679","2026-09-19","14:46:00","pix","aprovado","100","web",""
"19-0680","19-0680","2026-09-19","14:47:00","pix","aprovado","100","app",""
"19-0681","19-0681","2026-09-19","14:48:00","pix","aprovado","100","web",""
"19-0682","19-0682","2026-09-19","14:48:00","pix","aprovado","100","app",""
"19-0683","19-0683","2026-09-19","14:49:00","pix","aprovado","100","web",""
"19-0684","19-0684","2026-09-19","14:49:00","pix","aprovado","100","app",""
"19-0685","19-0685","2026-09-19","14:50:00","pix","aprovado","100","web",""
"19-0686","19-0686","2026-09-19","14:51:00","pix","aprovado","100","app",""
"19-0687","19-0687","2026-09-19","14:51:00","pix","aprovado","100","web",""
"19-0688","19-0688","2026-09-19","14:52:00","pix","aprovado","100","app",""
"19-0689","19-0689","2026-09-19","14:52:00","pix","aprovado","100","web",""
"19-0690","19-0690","2026-09-19","14:53:00","pix","aprovado","100","app",""
"19-0691","19-0691","2026-09-19","14:54:00","pix","aprovado","100","web",""
"19-0692","19-0692","2026-09-19","14:54:00","pix","aprovado","100","app",""
"19-0693","19-0693","2026-09-19","14:55:00","pix","aprovado","100","web",""
"19-0694","19-0694","2026-09-19","14:55:00","pix","aprovado","100","app",""
"19-0695","19-0695","2026-09-19","14:56:00","pix","aprovado","100","web",""
"19-0696","19-0696","2026-09-19","14:57:00","pix","aprovado","100","app",""
"19-0697","19-0697","2026-09-19","14:57:00","pix","aprovado","100","web",""
"19-0698","19-0698","2026-09-19","14:58:00","pix","aprovado","100","app",""
"19-0699","19-0699","2026-09-19","14:58:00","pix","aprovado","100","web",""
"19-0700","19-0700","2026-09-19","14:59:00","pix","aprovado","100","app",""
"19-0701","19-0701","2026-09-19","15:00:00","pix","aprovado","100","web",""
"19-0702","19-0702","2026-09-19","15:00:00","pix","aprovado","100","app",""
"19-0703","19-0703","2026-09-19","15:01:00","pix","aprovado","100","web",""
"19-0704","19-0704","2026-09-19","15:01:00","pix","aprovado","100","app",""
"19-0705","19-0705","2026-09-19","15:02:00","pix","aprovado","100","web",""
"19-0706","19-0706","2026-09-19","15:03:00","pix","aprovado","100","app",""
"19-0707","19-0707","2026-09-19","15:03:00","pix","aprovado","100","web",""
"19-0708","19-0708","2026-09-19","15:04:00","pix","aprovado","100","app",""
"19-0709","19-0709","2026-09-19","15:04:00","pix","aprovado","100","web",""
"19-0710","19-0710","2026-09-19","15:05:00","pix","aprovado","100","app",""
"19-0711","19-0711","2026-09-19","15:06:00","pix","aprovado","100","web",""
"19-0712","19-0712","2026-09-19","15:06:00","pix","aprovado","100","app",""
"19-0713","19-0713","2026-09-19","15:07:00","pix","aprovado","100","web",""
"19-0714","19-0714","2026-09-19","15:07:00","pix","aprovado","100","app",""
"19-0715","19-0715","2026-09-19","15:08:00","pix","aprovado","100","web",""
"19-0716","19-0716","2026-09-19","15:09:00","pix","aprovado","100","app",""
"19-0717","19-0717","2026-09-19","15:09:00","pix","aprovado","100","web",""
"19-0718","19-0718","2026-09-19","15:10:00","pix","aprovado","100","app",""
"19-0719","19-0719","2026-09-19","15:10:00","pix","aprovado","100","web",""
"19-0720","19-0720","2026-09-19","15:11:00","pix","aprovado","100","app",""
"19-0721","19-0721","2026-09-19","15:12:00","pix","aprovado","100","web",""
"19-0722","19-0722","2026-09-19","15:12:00","pix","aprovado","100","app",""
"19-0723","19-0723","2026-09-19","15:13:00","pix","aprovado","100","web",""
"19-0724","19-0724","2026-09-19","15:13:00","pix","aprovado","100","app",""
"19-0725","19-0725","2026-09-19","15:14:00","pix","aprovado","100","web",""
"19-0726","19-0726","2026-09-19","15:15:00","pix","aprovado","100","app",""
"19-0727","19-0727","2026-09-19","15:15:00","pix","aprovado","100","web",""
"19-0728","19-0728","2026-09-19","15:16:00","pix","aprovado","100","app",""
"19-0729","19-0729","2026-09-19","15:16:00","pix","aprovado","100","web",""
"19-0730","19-0730","2026-09-19","15:17:00","pix","aprovado","100","app",""
"19-0731","19-0731","2026-09-19","15:18:00","pix","aprovado","100","web",""
"19-0732","19-0732","2026-09-19","15:18:00","pix","aprovado","100","app",""
"19-0733","19-0733","2026-09-19","15:19:00","pix","aprovado","100","web",""
"19-0734","19-0734","2026-09-19","15:19:00","pix","aprovado","100","app",""
"19-0735","19-0735","2026-09-19","15:20:00","pix","aprovado","100","web",""
"19-0736","19-0736","2026-09-19","15:21:00","pix","aprovado","100","app",""
"19-0737","19-0737","2026-09-19","15:21:00","pix","aprovado","100","web",""
"19-0738","19-0738","2026-09-19","15:22:00","pix","aprovado","100","app",""
"19-0739","19-0739","2026-09-19","15:22:00","pix","aprovado","100","web",""
"19-0740","19-0740","2026-09-19","15:23:00","pix","aprovado","100","app",""
"19-0741","19-0741","2026-09-19","15:24:00","pix","aprovado","100","web",""
"19-0742","19-0742","2026-09-19","15:24:00","pix","aprovado","100","app",""
"19-0743","19-0743","2026-09-19","15:25:00","pix","aprovado","100","web",""
"19-0744","19-0744","2026-09-19","15:25:00","pix","aprovado","100","app",""
"19-0745","19-0745","2026-09-19","15:26:00","pix","aprovado","100","web",""
"19-0746","19-0746","2026-09-19","15:27:00","pix","aprovado","100","app",""
"19-0747","19-0747","2026-09-19","15:27:00","pix","aprovado","100","web",""
"19-0748","19-0748","2026-09-19","15:28:00","pix","aprovado","100","app",""
"19-0749","19-0749","2026-09-19","15:28:00","pix","aprovado","100","web",""
"19-0750","19-0750","2026-09-19","15:29:00","pix","aprovado","100","app",""
"19-0751","19-0751","2026-09-19","15:30:00","pix","aprovado","100","web",""
"19-0752","19-0752","2026-09-19","15:30:00","pix","aprovado","100","app",""
"19-0753","19-0753","2026-09-19","15:31:00","pix","aprovado","100","web",""
"19-0754","19-0754","2026-09-19","15:31:00","pix","aprovado","100","app",""
"19-0755","19-0755","2026-09-19","15:32:00","pix","aprovado","100","web",""
"19-0756","19-0756","2026-09-19","15:33:00","pix","aprovado","100","app",""
"19-0757","19-0757","2026-09-19","15:33:00","pix","aprovado","100","web",""
"19-0758","19-0758","2026-09-19","15:34:00","pix","aprovado","100","app",""
"19-0759","19-0759","2026-09-19","15:34:00","pix","aprovado","100","web",""
"19-0760","19-0760","2026-09-19","15:35:00","pix","aprovado","100","app",""
"19-0761","19-0761","2026-09-19","15:36:00","pix","aprovado","100","web",""
"19-0762","19-0762","2026-09-19","15:36:00","pix","aprovado","100","app",""
"19-0763","19-0763","2026-09-19","15:37:00","pix","aprovado","100","web",""
"19-0764","19-0764","2026-09-19","15:37:00","pix","aprovado","100","app",""
"19-0765","19-0765","2026-09-19","15:38:00","pix","aprovado","100","web",""
"19-0766","19-0766","2026-09-19","15:39:00","pix","aprovado","100","app",""
"19-0767","19-0767","2026-09-19","15:39:00","pix","aprovado","100","web",""
"19-0768","19-0768","2026-09-19","15:40:00","pix","aprovado","100","app",""
"19-0769","19-0769","2026-09-19","15:40:00","pix","aprovado","100","web",""
"19-0770","19-0770","2026-09-19","15:41:00","pix","aprovado","100","app",""
"19-0771","19-0771","2026-09-19","15:42:00","pix","aprovado","100","web",""
"19-0772","19-0772","2026-09-19","15:42:00","pix","aprovado","100","app",""
"19-0773","19-0773","2026-09-19","15:43:00","pix","aprovado","100","web",""
"19-0774","19-0774","2026-09-19","15:43:00","pix","aprovado","100","app",""
"19-0775","19-0775","2026-09-19","15:44:00","pix","aprovado","100","web",""
"19-0776","19-0776","2026-09-19","15:45:00","pix","aprovado","100","app",""
"19-0777","19-0777","2026-09-19","15:45:00","pix","aprovado","100","web",""
"19-0778","19-0778","2026-09-19","15:46:00","pix","aprovado","100","app",""
"19-0779","19-0779","2026-09-19","15:46:00","pix","aprovado","100","web",""
"19-0780","19-0780","2026-09-19","15:47:00","pix","aprovado","100","app",""
"19-0781","19-0781","2026-09-19","15:48:00","pix","aprovado","100","web",""
"19-0782","19-0782","2026-09-19","15:48:00","pix","aprovado","100","app",""
"19-0783","19-0783","2026-09-19","15:49:00","pix","aprovado","100","web",""
"19-0784","19-0784","2026-09-19","15:49:00","pix","aprovado","100","app",""
"19-0785","19-0785","2026-09-19","15:50:00","pix","aprovado","100","web",""
"19-0786","19-0786","2026-09-19","15:51:00","pix","aprovado","100","app",""
"19-0787","19-0787","2026-09-19","15:51:00","pix","aprovado","100","web",""
"19-0788","19-0788","2026-09-19","15:52:00","pix","aprovado","100","app",""
"19-0789","19-0789","2026-09-19","15:52:00","pix","aprovado","100","web",""
"19-0790","19-0790","2026-09-19","15:53:00","pix","aprovado","100","app",""
"19-0791","19-0791","2026-09-19","15:54:00","pix","aprovado","100","web",""
"19-0792","19-0792","2026-09-19","15:54:00","pix","aprovado","100","app",""
"19-0793","19-0793","2026-09-19","15:55:00","pix","aprovado","100","web",""
"19-0794","19-0794","2026-09-19","15:55:00","pix","aprovado","100","app",""
"19-0795","19-0795","2026-09-19","15:56:00","pix","aprovado","100","web",""
"19-0796","19-0796","2026-09-19","15:57:00","pix","aprovado","100","app",""
"19-0797","19-0797","2026-09-19","15:57:00","pix","aprovado","100","web",""
"19-0798","19-0798","2026-09-19","15:58:00","pix","aprovado","100","app",""
"19-0799","19-0799","2026-09-19","15:58:00","pix","aprovado","100","web",""
"19-0800","19-0800","2026-09-19","15:59:00","pix","aprovado","100","app",""
"19-0801","19-0801","2026-09-19","16:00:00","pix","aprovado","100","web",""
"19-0802","19-0802","2026-09-19","16:00:00","pix","aprovado","100","app",""
"19-0803","19-0803","2026-09-19","16:01:00","pix","aprovado","100","web",""
"19-0804","19-0804","2026-09-19","16:01:00","pix","aprovado","100","app",""
"19-0805","19-0805","2026-09-19","16:02:00","pix","aprovado","100","web",""
"19-0806","19-0806","2026-09-19","16:03:00","pix","aprovado","100","app",""
"19-0807","19-0807","2026-09-19","16:03:00","pix","aprovado","100","web",""
"19-0808","19-0808","2026-09-19","16:04:00","pix","aprovado","100","app",""
"19-0809","19-0809","2026-09-19","16:04:00","pix","aprovado","100","web",""
"19-0810","19-0810","2026-09-19","16:05:00","pix","aprovado","100","app",""
"19-0811","19-0811","2026-09-19","16:06:00","pix","aprovado","100","web",""
"19-0812","19-0812","2026-09-19","16:06:00","pix","aprovado","100","app",""
"19-0813","19-0813","2026-09-19","16:07:00","pix","aprovado","100","web",""
"19-0814","19-0814","2026-09-19","16:07:00","pix","aprovado","100","app",""
"19-0815","19-0815","2026-09-19","16:08:00","pix","aprovado","100","web",""
"19-0816","19-0816","2026-09-19","16:09:00","pix","aprovado","100","app",""
"19-0817","19-0817","2026-09-19","16:09:00","pix","aprovado","100","web",""
"19-0818","19-0818","2026-09-19","16:10:00","pix","aprovado","100","app",""
"19-0819","19-0819","2026-09-19","16:10:00","pix","aprovado","100","web",""
"19-0820","19-0820","2026-09-19","16:11:00","pix","aprovado","100","app",""
"19-0821","19-0821","2026-09-19","16:12:00","pix","aprovado","100","web",""
"19-0822","19-0822","2026-09-19","16:12:00","pix","aprovado","100","app",""
"19-0823","19-0823","2026-09-19","16:13:00","pix","aprovado","100","web",""
"19-0824","19-0824","2026-09-19","16:13:00","pix","aprovado","100","app",""
"19-0825","19-0825","2026-09-19","16:14:00","pix","aprovado","100","web",""
"19-0826","19-0826","2026-09-19","16:15:00","pix","aprovado","100","app",""
"19-0827","19-0827","2026-09-19","16:15:00","pix","aprovado","100","web",""
"19-0828","19-0828","2026-09-19","16:16:00","pix","aprovado","100","app",""
"19-0829","19-0829","2026-09-19","16:16:00","pix","aprovado","100","web",""
"19-0830","19-0830","2026-09-19","16:17:00","pix","aprovado","100","app",""
"19-0831","19-0831","2026-09-19","16:18:00","pix","aprovado","100","web",""
"19-0832","19-0832","2026-09-19","16:18:00","pix","aprovado","100","app",""
"19-0833","19-0833","2026-09-19","16:19:00","pix","aprovado","100","web",""
"19-0834","19-0834","2026-09-19","16:19:00","pix","aprovado","100","app",""
"19-0835","19-0835","2026-09-19","16:20:00","pix","aprovado","100","web",""
"19-0836","19-0836","2026-09-19","16:21:00","pix","aprovado","100","app",""
"19-0837","19-0837","2026-09-19","16:21:00","pix","aprovado","100","web",""
"19-0838","19-0838","2026-09-19","16:22:00","pix","aprovado","100","app",""
"19-0839","19-0839","2026-09-19","16:22:00","pix","aprovado","100","web",""
"19-0840","19-0840","2026-09-19","16:23:00","pix","aprovado","100","app",""
"19-0841","19-0841","2026-09-19","16:24:00","pix","aprovado","100","web",""
"19-0842","19-0842","2026-09-19","16:24:00","pix","aprovado","100","app",""
"19-0843","19-0843","2026-09-19","16:25:00","pix","aprovado","100","web",""
"19-0844","19-0844","2026-09-19","16:25:00","pix","aprovado","100","app",""
"19-0845","19-0845","2026-09-19","16:26:00","pix","aprovado","100","web",""
"19-0846","19-0846","2026-09-19","16:27:00","pix","aprovado","100","app",""
"19-0847","19-0847","2026-09-19","16:27:00","pix","aprovado","100","web",""
"19-0848","19-0848","2026-09-19","16:28:00","pix","aprovado","100","app",""
"19-0849","19-0849","2026-09-19","16:28:00","pix","aprovado","100","web",""
"19-0850","19-0850","2026-09-19","16:29:00","pix","aprovado","100","app",""
"19-0851","19-0851","2026-09-19","16:30:00","pix","aprovado","100","web",""
"19-0852","19-0852","2026-09-19","16:30:00","pix","aprovado","100","app",""
"19-0853","19-0853","2026-09-19","16:31:00","pix","aprovado","100","web",""
"19-0854","19-0854","2026-09-19","16:31:00","pix","aprovado","100","app",""
"19-0855","19-0855","2026-09-19","16:32:00","pix","aprovado","100","web",""
"19-0856","19-0856","2026-09-19","16:33:00","pix","aprovado","100","app",""
"19-0857","19-0857","2026-09-19","16:33:00","pix","aprovado","100","web",""
"19-0858","19-0858","2026-09-19","16:34:00","pix","aprovado","100","app",""
"19-0859","19-0859","2026-09-19","16:34:00","pix","aprovado","100","web",""
"19-0860","19-0860","2026-09-19","16:35:00","pix","aprovado","100","app",""
"19-0861","19-0861","2026-09-19","16:36:00","pix","aprovado","100","web",""
"19-0862","19-0862","2026-09-19","16:36:00","pix","aprovado","100","app",""
"19-0863","19-0863","2026-09-19","16:37:00","pix","aprovado","100","web",""
"19-0864","19-0864","2026-09-19","16:37:00","pix","aprovado","100","app",""
"19-0865","19-0865","2026-09-19","16:38:00","pix","aprovado","100","web",""
"19-0866","19-0866","2026-09-19","16:39:00","pix","aprovado","100","app",""
"19-0867","19-0867","2026-09-19","16:39:00","pix","aprovado","100","web",""
"19-0868","19-0868","2026-09-19","16:40:00","pix","aprovado","100","app",""
"19-0869","19-0869","2026-09-19","16:40:00","pix","aprovado","100","web",""
"19-0870","19-0870","2026-09-19","16:41:00","pix","aprovado","100","app",""
"19-0871","19-0871","2026-09-19","16:42:00","pix","aprovado","100","web",""
"19-0872","19-0872","2026-09-19","16:42:00","pix","aprovado","100","app",""
"19-0873","19-0873","2026-09-19","16:43:00","pix","aprovado","100","web",""
"19-0874","19-0874","2026-09-19","16:43:00","pix","aprovado","100","app",""
"19-0875","19-0875","2026-09-19","16:44:00","pix","aprovado","100","web",""
"19-0876","19-0876","2026-09-19","16:45:00","pix","aprovado","100","app",""
"19-0877","19-0877","2026-09-19","16:45:00","pix","aprovado","100","web",""
"19-0878","19-0878","2026-09-19","16:46:00","pix","aprovado","100","app",""
"19-0879","19-0879","2026-09-19","16:46:00","pix","aprovado","100","web",""
"19-0880","19-0880","2026-09-19","16:47:00","pix","aprovado","100","app",""
"19-0881","19-0881","2026-09-19","16:48:00","pix","aprovado","100","web",""
"19-0882","19-0882","2026-09-19","16:48:00","pix","aprovado","100","app",""
"19-0883","19-0883","2026-09-19","16:49:00","pix","aprovado","100","web",""
"19-0884","19-0884","2026-09-19","16:49:00","pix","aprovado","100","app",""
"19-0885","19-0885","2026-09-19","16:50:00","pix","aprovado","100","web",""
"19-0886","19-0886","2026-09-19","16:51:00","pix","aprovado","100","app",""
"19-0887","19-0887","2026-09-19","16:51:00","pix","aprovado","100","web",""
"19-0888","19-0888","2026-09-19","16:52:00","pix","aprovado","100","app",""
"19-0889","19-0889","2026-09-19","16:52:00","pix","aprovado","100","web",""
"19-0890","19-0890","2026-09-19","16:53:00","pix","aprovado","100","app",""
"19-0891","19-0891","2026-09-19","16:54:00","pix","aprovado","100","web",""
"19-0892","19-0892","2026-09-19","16:54:00","pix","aprovado","100","app",""
"19-0893","19-0893","2026-09-19","16:55:00","pix","aprovado","100","web",""
"19-0894","19-0894","2026-09-19","16:55:00","pix","aprovado","100","app",""
"19-0895","19-0895","2026-09-19","16:56:00","pix","aprovado","100","web",""
"19-0896","19-0896","2026-09-19","16:57:00","pix","aprovado","100","app",""
"19-0897","19-0897","2026-09-19","16:57:00","pix","aprovado","100","web",""
"19-0898","19-0898","2026-09-19","16:58:00","pix","aprovado","100","app",""
"19-0899","19-0899","2026-09-19","16:58:00","pix","aprovado","100","web",""
"19-0900","19-0900","2026-09-19","16:59:00","pix","aprovado","100","app",""
"19-0901","19-0901","2026-09-19","17:00:00","pix","aprovado","100","web",""
"19-0902","19-0902","2026-09-19","17:00:00","pix","aprovado","100","app",""
"19-0903","19-0903","2026-09-19","17:01:00","pix","aprovado","100","web",""
"19-0904","19-0904","2026-09-19","17:01:00","pix","aprovado","100","app",""
"19-0905","19-0905","2026-09-19","17:02:00","pix","aprovado","100","web",""
"19-0906","19-0906","2026-09-19","17:03:00","pix","aprovado","100","app",""
"19-0907","19-0907","2026-09-19","17:03:00","pix","aprovado","100","web",""
"19-0908","19-0908","2026-09-19","17:04:00","pix","aprovado","100","app",""
"19-0909","19-0909","2026-09-19","17:04:00","pix","aprovado","100","web",""
"19-0910","19-0910","2026-09-19","17:05:00","pix","aprovado","100","app",""
"19-0911","19-0911","2026-09-19","17:06:00","pix","aprovado","100","web",""
"19-0912","19-0912","2026-09-19","17:06:00","pix","aprovado","100","app",""
"19-0913","19-0913","2026-09-19","17:07:00","pix","aprovado","100","web",""
"19-0914","19-0914","2026-09-19","17:07:00","pix","aprovado","100","app",""
"19-0915","19-0915","2026-09-19","17:08:00","pix","aprovado","100","web",""
"19-0916","19-0916","2026-09-19","17:09:00","pix","aprovado","100","app",""
"19-0917","19-0917","2026-09-19","17:09:00","pix","aprovado","100","web",""
"19-0918","19-0918","2026-09-19","17:10:00","pix","aprovado","100","app",""
"19-0919","19-0919","2026-09-19","17:10:00","pix","aprovado","100","web",""
"19-0920","19-0920","2026-09-19","17:11:00","pix","aprovado","100","app",""
"19-0921","19-0921","2026-09-19","17:12:00","pix","aprovado","100","web",""
"19-0922","19-0922","2026-09-19","17:12:00","pix","aprovado","100","app",""
"19-0923","19-0923","2026-09-19","17:13:00","pix","aprovado","100","web",""
"19-0924","19-0924","2026-09-19","17:13:00","pix","aprovado","100","app",""
"19-0925","19-0925","2026-09-19","17:14:00","pix","aprovado","100","web",""
"19-0926","19-0926","2026-09-19","17:15:00","pix","aprovado","100","app",""
"19-0927","19-0927","2026-09-19","17:15:00","pix","aprovado","100","web",""
"19-0928","19-0928","2026-09-19","17:16:00","pix","aprovado","100","app",""
"19-0929","19-0929","2026-09-19","17:16:00","pix","aprovado","100","web",""
"19-0930","19-0930","2026-09-19","17:17:00","pix","aprovado","100","app",""
"19-0931","19-0931","2026-09-19","17:18:00","pix","aprovado","100","web",""
"19-0932","19-0932","2026-09-19","17:18:00","pix","aprovado","100","app",""
"19-0933","19-0933","2026-09-19","17:19:00","pix","aprovado","100","web",""
"19-0934","19-0934","2026-09-19","17:19:00","pix","aprovado","100","app",""
"19-0935","19-0935","2026-09-19","17:20:00","pix","aprovado","100","web",""
"19-0936","19-0936","2026-09-19","17:21:00","pix","aprovado","100","app",""
"19-0937","19-0937","2026-09-19","17:21:00","pix","aprovado","100","web",""
"19-0938","19-0938","2026-09-19","17:22:00","pix","aprovado","100","app",""
"19-0939","19-0939","2026-09-19","17:22:00","pix","aprovado","100","web",""
"19-0940","19-0940","2026-09-19","17:23:00","pix","aprovado","100","app",""
"19-0941","19-0941","2026-09-19","17:24:00","pix","aprovado","100","web",""
"19-0942","19-0942","2026-09-19","17:24:00","pix","aprovado","100","app",""
"19-0943","19-0943","2026-09-19","17:25:00","pix","aprovado","100","web",""
"19-0944","19-0944","2026-09-19","17:25:00","pix","aprovado","100","app",""
"19-0945","19-0945","2026-09-19","17:26:00","pix","aprovado","100","web",""
"19-0946","19-0946","2026-09-19","17:27:00","pix","aprovado","100","app",""
"19-0947","19-0947","2026-09-19","17:27:00","pix","aprovado","100","web",""
"19-0948","19-0948","2026-09-19","17:28:00","pix","aprovado","100","app",""
"19-0949","19-0949","2026-09-19","17:28:00","pix","aprovado","100","web",""
"19-0950","19-0950","2026-09-19","17:29:00","pix","aprovado","100","app",""
"19-0951","19-0951","2026-09-19","17:30:00","pix","aprovado","100","web",""
"19-0952","19-0952","2026-09-19","17:30:00","pix","aprovado","100","app",""
"19-0953","19-0953","2026-09-19","17:31:00","pix","aprovado","100","web",""
"19-0954","19-0954","2026-09-19","17:31:00","pix","aprovado","100","app",""
"19-0955","19-0955","2026-09-19","17:32:00","pix","aprovado","100","web",""
"19-0956","19-0956","2026-09-19","17:33:00","pix","aprovado","100","app",""
"19-0957","19-0957","2026-09-19","17:33:00","pix","aprovado","100","web",""
"19-0958","19-0958","2026-09-19","17:34:00","pix","aprovado","100","app",""
"19-0959","19-0959","2026-09-19","17:34:00","pix","aprovado","100","web",""
"19-0960","19-0960","2026-09-19","17:35:00","pix","aprovado","100","app",""
"19-0961","19-0961","2026-09-19","17:36:00","pix","falhou","100","web","RECUSADO"
"19-0962","19-0962","2026-09-19","17:36:00","pix","falhou","100","app","RECUSADO"
"19-0963","19-0963","2026-09-19","17:37:00","pix","falhou","100","web","RECUSADO"
"19-0964","19-0964","2026-09-19","17:37:00","pix","falhou","100","app","RECUSADO"
"19-0965","19-0965","2026-09-19","17:38:00","pix","falhou","100","web","RECUSADO"
"19-0966","19-0966","2026-09-19","17:39:00","pix","falhou","100","app","RECUSADO"
"19-0967","19-0967","2026-09-19","17:39:00","pix","falhou","100","web","RECUSADO"
"19-0968","19-0968","2026-09-19","17:40:00","pix","falhou","100","app","RECUSADO"
"19-0969","19-0969","2026-09-19","17:40:00","pix","falhou","100","web","RECUSADO"
"19-0970","19-0970","2026-09-19","17:41:00","pix","falhou","100","app","RECUSADO"
"19-0971","19-0971","2026-09-19","17:42:00","pix","falhou","100","web","RECUSADO"
"19-0972","19-0972","2026-09-19","17:42:00","pix","falhou","100","app","RECUSADO"
"19-0973","19-0973","2026-09-19","17:43:00","pix","falhou","100","web","RECUSADO"
"19-0974","19-0974","2026-09-19","17:43:00","pix","falhou","100","app","RECUSADO"
"19-0975","19-0975","2026-09-19","17:44:00","pix","falhou","100","web","RECUSADO"
"19-0976","19-0976","2026-09-19","17:45:00","pix","falhou","100","app","RECUSADO"
"19-0977","19-0977","2026-09-19","17:45:00","pix","falhou","100","web","RECUSADO"
"19-0978","19-0978","2026-09-19","17:46:00","pix","falhou","100","app","RECUSADO"
"19-0979","19-0979","2026-09-19","17:46:00","pix","falhou","100","web","RECUSADO"
"19-0980","19-0980","2026-09-19","17:47:00","pix","falhou","100","app","RECUSADO"
"19-0981","19-0981","2026-09-19","17:48:00","pix","falhou","100","web","RECUSADO"
"19-0982","19-0982","2026-09-19","17:48:00","pix","falhou","100","app","RECUSADO"
"19-0983","19-0983","2026-09-19","17:49:00","pix","falhou","100","web","RECUSADO"
"19-0984","19-0984","2026-09-19","17:49:00","pix","falhou","100","app","RECUSADO"
"19-0985","19-0985","2026-09-19","17:50:00","pix","falhou","100","web","RECUSADO"
"19-0986","19-0986","2026-09-19","17:51:00","pix","falhou","100","app","RECUSADO"
"19-0987","19-0987","2026-09-19","17:51:00","pix","falhou","100","web","RECUSADO"
"19-0988","19-0988","2026-09-19","17:52:00","pix","falhou","100","app","RECUSADO"
"19-0989","19-0989","2026-09-19","17:52:00","pix","falhou","100","web","RECUSADO"
"19-0990","19-0990","2026-09-19","17:53:00","pix","falhou","100","app","RECUSADO"
"19-0991","19-0991","2026-09-19","17:54:00","pix","falhou","100","web","RECUSADO"
"19-0992","19-0992","2026-09-19","17:54:00","pix","falhou","100","app","RECUSADO"
"19-0993","19-0993","2026-09-19","17:55:00","pix","falhou","100","web","RECUSADO"
"19-0994","19-0994","2026-09-19","17:55:00","pix","falhou","100","app","RECUSADO"
"19-0995","19-0995","2026-09-19","17:56:00","pix","falhou","100","web","RECUSADO"
"19-0996","19-0996","2026-09-19","17:57:00","pix","falhou","100","app","RECUSADO"
"19-0997","19-0997","2026-09-19","17:57:00","pix","falhou","100","web","RECUSADO"
"19-0998","19-0998","2026-09-19","17:58:00","pix","falhou","100","app","RECUSADO"
"19-0999","19-0999","2026-09-19","17:58:00","pix","falhou","100","web","RECUSADO"
"19-1000","19-1000","2026-09-19","17:59:00","pix","falhou","100","app","RECUSADO"
"20-0001","20-0001","2026-09-20","08:00:00","cartao","aprovado","100","web",""
"20-0002","20-0002","2026-09-20","08:00:00","cartao","aprovado","100","app",""
"20-0003","20-0003","2026-09-20","08:01:00","cartao","aprovado","100","web",""
"20-0004","20-0004","2026-09-20","08:01:00","cartao","aprovado","100","app",""
"20-0005","20-0005","2026-09-20","08:02:00","cartao","aprovado","100","web",""
"20-0006","20-0006","2026-09-20","08:03:00","cartao","aprovado","100","app",""
"20-0007","20-0007","2026-09-20","08:03:00","cartao","aprovado","100","web",""
"20-0008","20-0008","2026-09-20","08:04:00","cartao","aprovado","100","app",""
"20-0009","20-0009","2026-09-20","08:04:00","cartao","aprovado","100","web",""
"20-0010","20-0010","2026-09-20","08:05:00","cartao","aprovado","100","app",""
"20-0011","20-0011","2026-09-20","08:06:00","cartao","aprovado","100","web",""
"20-0012","20-0012","2026-09-20","08:06:00","cartao","aprovado","100","app",""
"20-0013","20-0013","2026-09-20","08:07:00","cartao","aprovado","100","web",""
"20-0014","20-0014","2026-09-20","08:07:00","cartao","aprovado","100","app",""
"20-0015","20-0015","2026-09-20","08:08:00","cartao","aprovado","100","web",""
"20-0016","20-0016","2026-09-20","08:09:00","cartao","aprovado","100","app",""
"20-0017","20-0017","2026-09-20","08:09:00","cartao","aprovado","100","web",""
"20-0018","20-0018","2026-09-20","08:10:00","cartao","aprovado","100","app",""
"20-0019","20-0019","2026-09-20","08:10:00","cartao","aprovado","100","web",""
"20-0020","20-0020","2026-09-20","08:11:00","cartao","aprovado","100","app",""
"20-0021","20-0021","2026-09-20","08:12:00","cartao","aprovado","100","web",""
"20-0022","20-0022","2026-09-20","08:12:00","cartao","aprovado","100","app",""
"20-0023","20-0023","2026-09-20","08:13:00","cartao","aprovado","100","web",""
"20-0024","20-0024","2026-09-20","08:13:00","cartao","aprovado","100","app",""
"20-0025","20-0025","2026-09-20","08:14:00","cartao","aprovado","100","web",""
"20-0026","20-0026","2026-09-20","08:15:00","cartao","aprovado","100","app",""
"20-0027","20-0027","2026-09-20","08:15:00","cartao","aprovado","100","web",""
"20-0028","20-0028","2026-09-20","08:16:00","cartao","aprovado","100","app",""
"20-0029","20-0029","2026-09-20","08:16:00","cartao","aprovado","100","web",""
"20-0030","20-0030","2026-09-20","08:17:00","cartao","aprovado","100","app",""
"20-0031","20-0031","2026-09-20","08:18:00","cartao","aprovado","100","web",""
"20-0032","20-0032","2026-09-20","08:18:00","cartao","aprovado","100","app",""
"20-0033","20-0033","2026-09-20","08:19:00","cartao","aprovado","100","web",""
"20-0034","20-0034","2026-09-20","08:19:00","cartao","aprovado","100","app",""
"20-0035","20-0035","2026-09-20","08:20:00","cartao","aprovado","100","web",""
"20-0036","20-0036","2026-09-20","08:21:00","cartao","aprovado","100","app",""
"20-0037","20-0037","2026-09-20","08:21:00","cartao","aprovado","100","web",""
"20-0038","20-0038","2026-09-20","08:22:00","cartao","aprovado","100","app",""
"20-0039","20-0039","2026-09-20","08:22:00","cartao","aprovado","100","web",""
"20-0040","20-0040","2026-09-20","08:23:00","cartao","aprovado","100","app",""
"20-0041","20-0041","2026-09-20","08:24:00","cartao","aprovado","100","web",""
"20-0042","20-0042","2026-09-20","08:24:00","cartao","aprovado","100","app",""
"20-0043","20-0043","2026-09-20","08:25:00","cartao","aprovado","100","web",""
"20-0044","20-0044","2026-09-20","08:25:00","cartao","aprovado","100","app",""
"20-0045","20-0045","2026-09-20","08:26:00","cartao","aprovado","100","web",""
"20-0046","20-0046","2026-09-20","08:27:00","cartao","aprovado","100","app",""
"20-0047","20-0047","2026-09-20","08:27:00","cartao","aprovado","100","web",""
"20-0048","20-0048","2026-09-20","08:28:00","cartao","aprovado","100","app",""
"20-0049","20-0049","2026-09-20","08:28:00","cartao","aprovado","100","web",""
"20-0050","20-0050","2026-09-20","08:29:00","cartao","aprovado","100","app",""
"20-0051","20-0051","2026-09-20","08:30:00","cartao","aprovado","100","web",""
"20-0052","20-0052","2026-09-20","08:30:00","cartao","aprovado","100","app",""
"20-0053","20-0053","2026-09-20","08:31:00","cartao","aprovado","100","web",""
"20-0054","20-0054","2026-09-20","08:31:00","cartao","aprovado","100","app",""
"20-0055","20-0055","2026-09-20","08:32:00","cartao","aprovado","100","web",""
"20-0056","20-0056","2026-09-20","08:33:00","cartao","aprovado","100","app",""
"20-0057","20-0057","2026-09-20","08:33:00","cartao","aprovado","100","web",""
"20-0058","20-0058","2026-09-20","08:34:00","cartao","aprovado","100","app",""
"20-0059","20-0059","2026-09-20","08:34:00","cartao","aprovado","100","web",""
"20-0060","20-0060","2026-09-20","08:35:00","cartao","aprovado","100","app",""
"20-0061","20-0061","2026-09-20","08:36:00","cartao","aprovado","100","web",""
"20-0062","20-0062","2026-09-20","08:36:00","cartao","aprovado","100","app",""
"20-0063","20-0063","2026-09-20","08:37:00","cartao","aprovado","100","web",""
"20-0064","20-0064","2026-09-20","08:37:00","cartao","aprovado","100","app",""
"20-0065","20-0065","2026-09-20","08:38:00","cartao","aprovado","100","web",""
"20-0066","20-0066","2026-09-20","08:39:00","cartao","aprovado","100","app",""
"20-0067","20-0067","2026-09-20","08:39:00","cartao","aprovado","100","web",""
"20-0068","20-0068","2026-09-20","08:40:00","cartao","aprovado","100","app",""
"20-0069","20-0069","2026-09-20","08:40:00","cartao","aprovado","100","web",""
"20-0070","20-0070","2026-09-20","08:41:00","cartao","aprovado","100","app",""
"20-0071","20-0071","2026-09-20","08:42:00","cartao","aprovado","100","web",""
"20-0072","20-0072","2026-09-20","08:42:00","cartao","aprovado","100","app",""
"20-0073","20-0073","2026-09-20","08:43:00","cartao","aprovado","100","web",""
"20-0074","20-0074","2026-09-20","08:43:00","cartao","aprovado","100","app",""
"20-0075","20-0075","2026-09-20","08:44:00","cartao","aprovado","100","web",""
"20-0076","20-0076","2026-09-20","08:45:00","cartao","aprovado","100","app",""
"20-0077","20-0077","2026-09-20","08:45:00","cartao","aprovado","100","web",""
"20-0078","20-0078","2026-09-20","08:46:00","cartao","aprovado","100","app",""
"20-0079","20-0079","2026-09-20","08:46:00","cartao","aprovado","100","web",""
"20-0080","20-0080","2026-09-20","08:47:00","cartao","aprovado","100","app",""
"20-0081","20-0081","2026-09-20","08:48:00","cartao","aprovado","100","web",""
"20-0082","20-0082","2026-09-20","08:48:00","cartao","aprovado","100","app",""
"20-0083","20-0083","2026-09-20","08:49:00","cartao","aprovado","100","web",""
"20-0084","20-0084","2026-09-20","08:49:00","cartao","aprovado","100","app",""
"20-0085","20-0085","2026-09-20","08:50:00","cartao","aprovado","100","web",""
"20-0086","20-0086","2026-09-20","08:51:00","cartao","aprovado","100","app",""
"20-0087","20-0087","2026-09-20","08:51:00","cartao","aprovado","100","web",""
"20-0088","20-0088","2026-09-20","08:52:00","cartao","aprovado","100","app",""
"20-0089","20-0089","2026-09-20","08:52:00","cartao","aprovado","100","web",""
"20-0090","20-0090","2026-09-20","08:53:00","cartao","aprovado","100","app",""
"20-0091","20-0091","2026-09-20","08:54:00","cartao","aprovado","100","web",""
"20-0092","20-0092","2026-09-20","08:54:00","cartao","aprovado","100","app",""
"20-0093","20-0093","2026-09-20","08:55:00","cartao","aprovado","100","web",""
"20-0094","20-0094","2026-09-20","08:55:00","cartao","aprovado","100","app",""
"20-0095","20-0095","2026-09-20","08:56:00","cartao","aprovado","100","web",""
"20-0096","20-0096","2026-09-20","08:57:00","cartao","aprovado","100","app",""
"20-0097","20-0097","2026-09-20","08:57:00","cartao","aprovado","100","web",""
"20-0098","20-0098","2026-09-20","08:58:00","cartao","aprovado","100","app",""
"20-0099","20-0099","2026-09-20","08:58:00","cartao","aprovado","100","web",""
"20-0100","20-0100","2026-09-20","08:59:00","cartao","aprovado","100","app",""
"20-0101","20-0101","2026-09-20","09:00:00","cartao","aprovado","100","web",""
"20-0102","20-0102","2026-09-20","09:00:00","cartao","aprovado","100","app",""
"20-0103","20-0103","2026-09-20","09:01:00","cartao","aprovado","100","web",""
"20-0104","20-0104","2026-09-20","09:01:00","cartao","aprovado","100","app",""
"20-0105","20-0105","2026-09-20","09:02:00","cartao","aprovado","100","web",""
"20-0106","20-0106","2026-09-20","09:03:00","cartao","aprovado","100","app",""
"20-0107","20-0107","2026-09-20","09:03:00","cartao","aprovado","100","web",""
"20-0108","20-0108","2026-09-20","09:04:00","cartao","aprovado","100","app",""
"20-0109","20-0109","2026-09-20","09:04:00","cartao","aprovado","100","web",""
"20-0110","20-0110","2026-09-20","09:05:00","cartao","aprovado","100","app",""
"20-0111","20-0111","2026-09-20","09:06:00","cartao","aprovado","100","web",""
"20-0112","20-0112","2026-09-20","09:06:00","cartao","aprovado","100","app",""
"20-0113","20-0113","2026-09-20","09:07:00","cartao","aprovado","100","web",""
"20-0114","20-0114","2026-09-20","09:07:00","cartao","aprovado","100","app",""
"20-0115","20-0115","2026-09-20","09:08:00","cartao","aprovado","100","web",""
"20-0116","20-0116","2026-09-20","09:09:00","cartao","aprovado","100","app",""
"20-0117","20-0117","2026-09-20","09:09:00","cartao","aprovado","100","web",""
"20-0118","20-0118","2026-09-20","09:10:00","cartao","aprovado","100","app",""
"20-0119","20-0119","2026-09-20","09:10:00","cartao","aprovado","100","web",""
"20-0120","20-0120","2026-09-20","09:11:00","cartao","aprovado","100","app",""
"20-0121","20-0121","2026-09-20","09:12:00","cartao","aprovado","100","web",""
"20-0122","20-0122","2026-09-20","09:12:00","cartao","aprovado","100","app",""
"20-0123","20-0123","2026-09-20","09:13:00","cartao","aprovado","100","web",""
"20-0124","20-0124","2026-09-20","09:13:00","cartao","aprovado","100","app",""
"20-0125","20-0125","2026-09-20","09:14:00","cartao","aprovado","100","web",""
"20-0126","20-0126","2026-09-20","09:15:00","cartao","aprovado","100","app",""
"20-0127","20-0127","2026-09-20","09:15:00","cartao","aprovado","100","web",""
"20-0128","20-0128","2026-09-20","09:16:00","cartao","aprovado","100","app",""
"20-0129","20-0129","2026-09-20","09:16:00","cartao","aprovado","100","web",""
"20-0130","20-0130","2026-09-20","09:17:00","cartao","aprovado","100","app",""
"20-0131","20-0131","2026-09-20","09:18:00","cartao","aprovado","100","web",""
"20-0132","20-0132","2026-09-20","09:18:00","cartao","aprovado","100","app",""
"20-0133","20-0133","2026-09-20","09:19:00","cartao","aprovado","100","web",""
"20-0134","20-0134","2026-09-20","09:19:00","cartao","aprovado","100","app",""
"20-0135","20-0135","2026-09-20","09:20:00","cartao","aprovado","100","web",""
"20-0136","20-0136","2026-09-20","09:21:00","cartao","aprovado","100","app",""
"20-0137","20-0137","2026-09-20","09:21:00","cartao","aprovado","100","web",""
"20-0138","20-0138","2026-09-20","09:22:00","cartao","aprovado","100","app",""
"20-0139","20-0139","2026-09-20","09:22:00","cartao","aprovado","100","web",""
"20-0140","20-0140","2026-09-20","09:23:00","cartao","aprovado","100","app",""
"20-0141","20-0141","2026-09-20","09:24:00","cartao","aprovado","100","web",""
"20-0142","20-0142","2026-09-20","09:24:00","cartao","aprovado","100","app",""
"20-0143","20-0143","2026-09-20","09:25:00","cartao","aprovado","100","web",""
"20-0144","20-0144","2026-09-20","09:25:00","cartao","aprovado","100","app",""
"20-0145","20-0145","2026-09-20","09:26:00","cartao","aprovado","100","web",""
"20-0146","20-0146","2026-09-20","09:27:00","cartao","aprovado","100","app",""
"20-0147","20-0147","2026-09-20","09:27:00","cartao","aprovado","100","web",""
"20-0148","20-0148","2026-09-20","09:28:00","cartao","aprovado","100","app",""
"20-0149","20-0149","2026-09-20","09:28:00","cartao","aprovado","100","web",""
"20-0150","20-0150","2026-09-20","09:29:00","cartao","aprovado","100","app",""
"20-0151","20-0151","2026-09-20","09:30:00","cartao","aprovado","100","web",""
"20-0152","20-0152","2026-09-20","09:30:00","cartao","aprovado","100","app",""
"20-0153","20-0153","2026-09-20","09:31:00","cartao","aprovado","100","web",""
"20-0154","20-0154","2026-09-20","09:31:00","cartao","aprovado","100","app",""
"20-0155","20-0155","2026-09-20","09:32:00","cartao","aprovado","100","web",""
"20-0156","20-0156","2026-09-20","09:33:00","cartao","aprovado","100","app",""
"20-0157","20-0157","2026-09-20","09:33:00","cartao","aprovado","100","web",""
"20-0158","20-0158","2026-09-20","09:34:00","cartao","aprovado","100","app",""
"20-0159","20-0159","2026-09-20","09:34:00","cartao","aprovado","100","web",""
"20-0160","20-0160","2026-09-20","09:35:00","cartao","aprovado","100","app",""
"20-0161","20-0161","2026-09-20","09:36:00","cartao","aprovado","100","web",""
"20-0162","20-0162","2026-09-20","09:36:00","cartao","aprovado","100","app",""
"20-0163","20-0163","2026-09-20","09:37:00","cartao","aprovado","100","web",""
"20-0164","20-0164","2026-09-20","09:37:00","cartao","aprovado","100","app",""
"20-0165","20-0165","2026-09-20","09:38:00","cartao","aprovado","100","web",""
"20-0166","20-0166","2026-09-20","09:39:00","cartao","aprovado","100","app",""
"20-0167","20-0167","2026-09-20","09:39:00","cartao","aprovado","100","web",""
"20-0168","20-0168","2026-09-20","09:40:00","cartao","aprovado","100","app",""
"20-0169","20-0169","2026-09-20","09:40:00","cartao","aprovado","100","web",""
"20-0170","20-0170","2026-09-20","09:41:00","cartao","aprovado","100","app",""
"20-0171","20-0171","2026-09-20","09:42:00","cartao","aprovado","100","web",""
"20-0172","20-0172","2026-09-20","09:42:00","cartao","aprovado","100","app",""
"20-0173","20-0173","2026-09-20","09:43:00","cartao","aprovado","100","web",""
"20-0174","20-0174","2026-09-20","09:43:00","cartao","aprovado","100","app",""
"20-0175","20-0175","2026-09-20","09:44:00","cartao","aprovado","100","web",""
"20-0176","20-0176","2026-09-20","09:45:00","cartao","aprovado","100","app",""
"20-0177","20-0177","2026-09-20","09:45:00","cartao","aprovado","100","web",""
"20-0178","20-0178","2026-09-20","09:46:00","cartao","aprovado","100","app",""
"20-0179","20-0179","2026-09-20","09:46:00","cartao","aprovado","100","web",""
"20-0180","20-0180","2026-09-20","09:47:00","cartao","aprovado","100","app",""
"20-0181","20-0181","2026-09-20","09:48:00","cartao","aprovado","100","web",""
"20-0182","20-0182","2026-09-20","09:48:00","cartao","aprovado","100","app",""
"20-0183","20-0183","2026-09-20","09:49:00","cartao","aprovado","100","web",""
"20-0184","20-0184","2026-09-20","09:49:00","cartao","aprovado","100","app",""
"20-0185","20-0185","2026-09-20","09:50:00","cartao","aprovado","100","web",""
"20-0186","20-0186","2026-09-20","09:51:00","cartao","aprovado","100","app",""
"20-0187","20-0187","2026-09-20","09:51:00","cartao","aprovado","100","web",""
"20-0188","20-0188","2026-09-20","09:52:00","cartao","aprovado","100","app",""
"20-0189","20-0189","2026-09-20","09:52:00","cartao","aprovado","100","web",""
"20-0190","20-0190","2026-09-20","09:53:00","cartao","aprovado","100","app",""
"20-0191","20-0191","2026-09-20","09:54:00","cartao","aprovado","100","web",""
"20-0192","20-0192","2026-09-20","09:54:00","cartao","aprovado","100","app",""
"20-0193","20-0193","2026-09-20","09:55:00","cartao","aprovado","100","web",""
"20-0194","20-0194","2026-09-20","09:55:00","cartao","aprovado","100","app",""
"20-0195","20-0195","2026-09-20","09:56:00","cartao","aprovado","100","web",""
"20-0196","20-0196","2026-09-20","09:57:00","cartao","aprovado","100","app",""
"20-0197","20-0197","2026-09-20","09:57:00","cartao","aprovado","100","web",""
"20-0198","20-0198","2026-09-20","09:58:00","cartao","aprovado","100","app",""
"20-0199","20-0199","2026-09-20","09:58:00","cartao","aprovado","100","web",""
"20-0200","20-0200","2026-09-20","09:59:00","cartao","aprovado","100","app",""
"20-0201","20-0201","2026-09-20","10:00:00","cartao","aprovado","100","web",""
"20-0202","20-0202","2026-09-20","10:00:00","cartao","aprovado","100","app",""
"20-0203","20-0203","2026-09-20","10:01:00","cartao","aprovado","100","web",""
"20-0204","20-0204","2026-09-20","10:01:00","cartao","aprovado","100","app",""
"20-0205","20-0205","2026-09-20","10:02:00","cartao","aprovado","100","web",""
"20-0206","20-0206","2026-09-20","10:03:00","cartao","aprovado","100","app",""
"20-0207","20-0207","2026-09-20","10:03:00","cartao","aprovado","100","web",""
"20-0208","20-0208","2026-09-20","10:04:00","cartao","aprovado","100","app",""
"20-0209","20-0209","2026-09-20","10:04:00","cartao","aprovado","100","web",""
"20-0210","20-0210","2026-09-20","10:05:00","cartao","aprovado","100","app",""
"20-0211","20-0211","2026-09-20","10:06:00","cartao","aprovado","100","web",""
"20-0212","20-0212","2026-09-20","10:06:00","cartao","aprovado","100","app",""
"20-0213","20-0213","2026-09-20","10:07:00","cartao","aprovado","100","web",""
"20-0214","20-0214","2026-09-20","10:07:00","cartao","aprovado","100","app",""
"20-0215","20-0215","2026-09-20","10:08:00","cartao","aprovado","100","web",""
"20-0216","20-0216","2026-09-20","10:09:00","cartao","aprovado","100","app",""
"20-0217","20-0217","2026-09-20","10:09:00","cartao","aprovado","100","web",""
"20-0218","20-0218","2026-09-20","10:10:00","cartao","aprovado","100","app",""
"20-0219","20-0219","2026-09-20","10:10:00","cartao","aprovado","100","web",""
"20-0220","20-0220","2026-09-20","10:11:00","cartao","aprovado","100","app",""
"20-0221","20-0221","2026-09-20","10:12:00","cartao","aprovado","100","web",""
"20-0222","20-0222","2026-09-20","10:12:00","cartao","aprovado","100","app",""
"20-0223","20-0223","2026-09-20","10:13:00","cartao","aprovado","100","web",""
"20-0224","20-0224","2026-09-20","10:13:00","cartao","aprovado","100","app",""
"20-0225","20-0225","2026-09-20","10:14:00","cartao","aprovado","100","web",""
"20-0226","20-0226","2026-09-20","10:15:00","cartao","aprovado","100","app",""
"20-0227","20-0227","2026-09-20","10:15:00","cartao","aprovado","100","web",""
"20-0228","20-0228","2026-09-20","10:16:00","cartao","aprovado","100","app",""
"20-0229","20-0229","2026-09-20","10:16:00","cartao","aprovado","100","web",""
"20-0230","20-0230","2026-09-20","10:17:00","cartao","aprovado","100","app",""
"20-0231","20-0231","2026-09-20","10:18:00","cartao","aprovado","100","web",""
"20-0232","20-0232","2026-09-20","10:18:00","cartao","aprovado","100","app",""
"20-0233","20-0233","2026-09-20","10:19:00","cartao","aprovado","100","web",""
"20-0234","20-0234","2026-09-20","10:19:00","cartao","aprovado","100","app",""
"20-0235","20-0235","2026-09-20","10:20:00","cartao","aprovado","100","web",""
"20-0236","20-0236","2026-09-20","10:21:00","cartao","aprovado","100","app",""
"20-0237","20-0237","2026-09-20","10:21:00","cartao","aprovado","100","web",""
"20-0238","20-0238","2026-09-20","10:22:00","cartao","aprovado","100","app",""
"20-0239","20-0239","2026-09-20","10:22:00","cartao","aprovado","100","web",""
"20-0240","20-0240","2026-09-20","10:23:00","cartao","aprovado","100","app",""
"20-0241","20-0241","2026-09-20","10:24:00","cartao","aprovado","100","web",""
"20-0242","20-0242","2026-09-20","10:24:00","cartao","aprovado","100","app",""
"20-0243","20-0243","2026-09-20","10:25:00","cartao","aprovado","100","web",""
"20-0244","20-0244","2026-09-20","10:25:00","cartao","aprovado","100","app",""
"20-0245","20-0245","2026-09-20","10:26:00","cartao","aprovado","100","web",""
"20-0246","20-0246","2026-09-20","10:27:00","cartao","aprovado","100","app",""
"20-0247","20-0247","2026-09-20","10:27:00","cartao","aprovado","100","web",""
"20-0248","20-0248","2026-09-20","10:28:00","cartao","aprovado","100","app",""
"20-0249","20-0249","2026-09-20","10:28:00","cartao","aprovado","100","web",""
"20-0250","20-0250","2026-09-20","10:29:00","cartao","aprovado","100","app",""
"20-0251","20-0251","2026-09-20","10:30:00","cartao","aprovado","100","web",""
"20-0252","20-0252","2026-09-20","10:30:00","cartao","aprovado","100","app",""
"20-0253","20-0253","2026-09-20","10:31:00","cartao","aprovado","100","web",""
"20-0254","20-0254","2026-09-20","10:31:00","cartao","aprovado","100","app",""
"20-0255","20-0255","2026-09-20","10:32:00","cartao","aprovado","100","web",""
"20-0256","20-0256","2026-09-20","10:33:00","cartao","aprovado","100","app",""
"20-0257","20-0257","2026-09-20","10:33:00","cartao","aprovado","100","web",""
"20-0258","20-0258","2026-09-20","10:34:00","cartao","aprovado","100","app",""
"20-0259","20-0259","2026-09-20","10:34:00","cartao","aprovado","100","web",""
"20-0260","20-0260","2026-09-20","10:35:00","cartao","aprovado","100","app",""
"20-0261","20-0261","2026-09-20","10:36:00","cartao","aprovado","100","web",""
"20-0262","20-0262","2026-09-20","10:36:00","cartao","aprovado","100","app",""
"20-0263","20-0263","2026-09-20","10:37:00","cartao","aprovado","100","web",""
"20-0264","20-0264","2026-09-20","10:37:00","cartao","aprovado","100","app",""
"20-0265","20-0265","2026-09-20","10:38:00","cartao","aprovado","100","web",""
"20-0266","20-0266","2026-09-20","10:39:00","cartao","aprovado","100","app",""
"20-0267","20-0267","2026-09-20","10:39:00","cartao","aprovado","100","web",""
"20-0268","20-0268","2026-09-20","10:40:00","cartao","aprovado","100","app",""
"20-0269","20-0269","2026-09-20","10:40:00","cartao","aprovado","100","web",""
"20-0270","20-0270","2026-09-20","10:41:00","cartao","aprovado","100","app",""
"20-0271","20-0271","2026-09-20","10:07:00","cartao","falhou","100","web","CONFIG_INVALID"
"20-0272","20-0272","2026-09-20","10:08:00","cartao","falhou","100","app","CONFIG_INVALID"
"20-0273","20-0273","2026-09-20","10:09:00","cartao","falhou","100","web","CONFIG_INVALID"
"20-0274","20-0274","2026-09-20","10:10:00","cartao","falhou","100","app","CONFIG_INVALID"
"20-0275","20-0275","2026-09-20","10:11:00","cartao","falhou","100","web","CONFIG_INVALID"
"20-0276","20-0276","2026-09-20","10:12:00","cartao","falhou","100","app","CONFIG_INVALID"
"20-0277","20-0277","2026-09-20","10:13:00","cartao","falhou","100","web","CONFIG_INVALID"
"20-0278","20-0278","2026-09-20","10:14:00","cartao","falhou","100","app","CONFIG_INVALID"
"20-0279","20-0279","2026-09-20","10:15:00","cartao","falhou","100","web","CONFIG_INVALID"
"20-0280","20-0280","2026-09-20","10:16:00","cartao","falhou","100","app","CONFIG_INVALID"
"20-0281","20-0281","2026-09-20","10:17:00","cartao","falhou","100","web","CONFIG_INVALID"
"20-0282","20-0282","2026-09-20","10:18:00","cartao","falhou","100","app","CONFIG_INVALID"
"20-0283","20-0283","2026-09-20","10:19:00","cartao","falhou","100","web","CONFIG_INVALID"
"20-0284","20-0284","2026-09-20","10:20:00","cartao","falhou","100","app","CONFIG_INVALID"
"20-0285","20-0285","2026-09-20","10:21:00","cartao","falhou","100","web","CONFIG_INVALID"
"20-0286","20-0286","2026-09-20","10:22:00","cartao","falhou","100","app","CONFIG_INVALID"
"20-0287","20-0287","2026-09-20","10:23:00","cartao","falhou","100","web","CONFIG_INVALID"
"20-0288","20-0288","2026-09-20","10:24:00","cartao","falhou","100","app","CONFIG_INVALID"
"20-0289","20-0289","2026-09-20","10:25:00","cartao","falhou","100","web","CONFIG_INVALID"
"20-0290","20-0290","2026-09-20","10:26:00","cartao","falhou","100","app","CONFIG_INVALID"
"20-0291","20-0291","2026-09-20","10:27:00","cartao","falhou","100","web","CONFIG_INVALID"
"20-0292","20-0292","2026-09-20","10:28:00","cartao","falhou","100","app","CONFIG_INVALID"
"20-0293","20-0293","2026-09-20","10:29:00","cartao","falhou","100","web","CONFIG_INVALID"
"20-0294","20-0294","2026-09-20","10:30:00","cartao","falhou","100","app","CONFIG_INVALID"
"20-0295","20-0295","2026-09-20","10:31:00","cartao","falhou","100","web","CONFIG_INVALID"
"20-0296","20-0296","2026-09-20","10:32:00","cartao","falhou","100","app","CONFIG_INVALID"
"20-0297","20-0297","2026-09-20","10:33:00","cartao","falhou","100","web","CONFIG_INVALID"
"20-0298","20-0298","2026-09-20","10:34:00","cartao","falhou","100","app","CONFIG_INVALID"
"20-0299","20-0299","2026-09-20","10:35:00","cartao","falhou","100","web","CONFIG_INVALID"
"20-0300","20-0300","2026-09-20","10:36:00","cartao","falhou","100","app","CONFIG_INVALID"
"20-0301","20-0301","2026-09-20","10:37:00","cartao","falhou","100","web","CONFIG_INVALID"
"20-0302","20-0302","2026-09-20","10:38:00","cartao","falhou","100","app","CONFIG_INVALID"
"20-0303","20-0303","2026-09-20","10:39:00","cartao","falhou","100","web","CONFIG_INVALID"
"20-0304","20-0304","2026-09-20","10:40:00","cartao","falhou","100","app","CONFIG_INVALID"
"20-0305","20-0305","2026-09-20","10:41:00","cartao","falhou","100","web","CONFIG_INVALID"
"20-0306","20-0306","2026-09-20","10:42:00","cartao","falhou","100","app","CONFIG_INVALID"
"20-0307","20-0307","2026-09-20","10:43:00","cartao","falhou","100","web","CONFIG_INVALID"
"20-0308","20-0308","2026-09-20","10:44:00","cartao","falhou","100","app","CONFIG_INVALID"
"20-0309","20-0309","2026-09-20","10:45:00","cartao","falhou","100","web","CONFIG_INVALID"
"20-0310","20-0310","2026-09-20","10:46:00","cartao","falhou","100","app","CONFIG_INVALID"
"20-0311","20-0311","2026-09-20","10:47:00","cartao","falhou","100","web","CONFIG_INVALID"
"20-0312","20-0312","2026-09-20","10:48:00","cartao","falhou","100","app","CONFIG_INVALID"
"20-0313","20-0313","2026-09-20","10:49:00","cartao","falhou","100","web","CONFIG_INVALID"
"20-0314","20-0314","2026-09-20","10:50:00","cartao","falhou","100","app","CONFIG_INVALID"
"20-0315","20-0315","2026-09-20","10:51:00","cartao","falhou","100","web","CONFIG_INVALID"
"20-0316","20-0316","2026-09-20","10:52:00","cartao","falhou","100","app","CONFIG_INVALID"
"20-0317","20-0317","2026-09-20","10:53:00","cartao","falhou","100","web","CONFIG_INVALID"
"20-0318","20-0318","2026-09-20","10:54:00","cartao","falhou","100","app","CONFIG_INVALID"
"20-0319","20-0319","2026-09-20","10:55:00","cartao","falhou","100","web","CONFIG_INVALID"
"20-0320","20-0320","2026-09-20","10:56:00","cartao","falhou","100","app","CONFIG_INVALID"
"20-0321","20-0321","2026-09-20","10:57:00","cartao","falhou","100","web","CONFIG_INVALID"
"20-0322","20-0322","2026-09-20","10:58:00","cartao","falhou","100","app","CONFIG_INVALID"
"20-0323","20-0323","2026-09-20","10:59:00","cartao","falhou","100","web","CONFIG_INVALID"
"20-0324","20-0324","2026-09-20","11:00:00","cartao","falhou","100","app","CONFIG_INVALID"
"20-0325","20-0325","2026-09-20","11:01:00","cartao","falhou","100","web","CONFIG_INVALID"
"20-0326","20-0326","2026-09-20","11:02:00","cartao","falhou","100","app","CONFIG_INVALID"
"20-0327","20-0327","2026-09-20","11:03:00","cartao","falhou","100","web","CONFIG_INVALID"
"20-0328","20-0328","2026-09-20","11:04:00","cartao","falhou","100","app","CONFIG_INVALID"
"20-0329","20-0329","2026-09-20","11:05:00","cartao","falhou","100","web","CONFIG_INVALID"
"20-0330","20-0330","2026-09-20","11:06:00","cartao","falhou","100","app","CONFIG_INVALID"
"20-0331","20-0331","2026-09-20","11:07:00","cartao","falhou","100","web","CONFIG_INVALID"
"20-0332","20-0332","2026-09-20","11:08:00","cartao","falhou","100","app","CONFIG_INVALID"
"20-0333","20-0333","2026-09-20","11:09:00","cartao","falhou","100","web","CONFIG_INVALID"
"20-0334","20-0334","2026-09-20","11:10:00","cartao","falhou","100","app","CONFIG_INVALID"
"20-0335","20-0335","2026-09-20","11:11:00","cartao","falhou","100","web","CONFIG_INVALID"
"20-0336","20-0336","2026-09-20","11:12:00","cartao","falhou","100","app","CONFIG_INVALID"
"20-0337","20-0337","2026-09-20","11:13:00","cartao","falhou","100","web","CONFIG_INVALID"
"20-0338","20-0338","2026-09-20","11:14:00","cartao","falhou","100","app","CONFIG_INVALID"
"20-0339","20-0339","2026-09-20","11:15:00","cartao","falhou","100","web","CONFIG_INVALID"
"20-0340","20-0340","2026-09-20","11:16:00","cartao","falhou","100","app","CONFIG_INVALID"
"20-0341","20-0341","2026-09-20","11:17:00","cartao","falhou","100","web","CONFIG_INVALID"
"20-0342","20-0342","2026-09-20","11:18:00","cartao","falhou","100","app","CONFIG_INVALID"
"20-0343","20-0343","2026-09-20","11:19:00","cartao","falhou","100","web","CONFIG_INVALID"
"20-0344","20-0344","2026-09-20","11:20:00","cartao","falhou","100","app","CONFIG_INVALID"
"20-0345","20-0345","2026-09-20","11:21:00","cartao","falhou","100","web","CONFIG_INVALID"
"20-0346","20-0346","2026-09-20","11:22:00","cartao","falhou","100","app","CONFIG_INVALID"
"20-0347","20-0347","2026-09-20","11:23:00","cartao","falhou","100","web","CONFIG_INVALID"
"20-0348","20-0348","2026-09-20","11:24:00","cartao","falhou","100","app","CONFIG_INVALID"
"20-0349","20-0349","2026-09-20","11:25:00","cartao","falhou","100","web","CONFIG_INVALID"
"20-0350","20-0350","2026-09-20","11:26:00","cartao","falhou","100","app","CONFIG_INVALID"
"20-0351","20-0351","2026-09-20","11:27:00","cartao","falhou","100","web","CONFIG_INVALID"
"20-0352","20-0352","2026-09-20","11:28:00","cartao","falhou","100","app","CONFIG_INVALID"
"20-0353","20-0353","2026-09-20","11:29:00","cartao","falhou","100","web","CONFIG_INVALID"
"20-0354","20-0354","2026-09-20","11:30:00","cartao","falhou","100","app","CONFIG_INVALID"
"20-0355","20-0355","2026-09-20","11:31:00","cartao","falhou","100","web","CONFIG_INVALID"
"20-0356","20-0356","2026-09-20","11:32:00","cartao","falhou","100","app","CONFIG_INVALID"
"20-0357","20-0357","2026-09-20","11:33:00","cartao","falhou","100","web","CONFIG_INVALID"
"20-0358","20-0358","2026-09-20","11:34:00","cartao","falhou","100","app","CONFIG_INVALID"
"20-0359","20-0359","2026-09-20","11:35:00","cartao","falhou","100","web","CONFIG_INVALID"
"20-0360","20-0360","2026-09-20","11:36:00","cartao","falhou","100","app","CONFIG_INVALID"
"20-0361","20-0361","2026-09-20","11:37:00","cartao","falhou","100","web","CONFIG_INVALID"
"20-0362","20-0362","2026-09-20","11:38:00","cartao","falhou","100","app","CONFIG_INVALID"
"20-0363","20-0363","2026-09-20","11:39:00","cartao","falhou","100","web","CONFIG_INVALID"
"20-0364","20-0364","2026-09-20","11:40:00","cartao","falhou","100","app","CONFIG_INVALID"
"20-0365","20-0365","2026-09-20","11:41:00","cartao","falhou","100","web","CONFIG_INVALID"
"20-0366","20-0366","2026-09-20","11:42:00","cartao","falhou","100","app","CONFIG_INVALID"
"20-0367","20-0367","2026-09-20","11:43:00","cartao","falhou","100","web","CONFIG_INVALID"
"20-0368","20-0368","2026-09-20","11:44:00","cartao","falhou","100","app","CONFIG_INVALID"
"20-0369","20-0369","2026-09-20","11:45:00","cartao","falhou","100","web","CONFIG_INVALID"
"20-0370","20-0370","2026-09-20","11:46:00","cartao","falhou","100","app","CONFIG_INVALID"
"20-0371","20-0371","2026-09-20","11:47:00","cartao","falhou","100","web","CONFIG_INVALID"
"20-0372","20-0372","2026-09-20","11:48:00","cartao","falhou","100","app","CONFIG_INVALID"
"20-0373","20-0373","2026-09-20","11:49:00","cartao","falhou","100","web","CONFIG_INVALID"
"20-0374","20-0374","2026-09-20","11:50:00","cartao","falhou","100","app","CONFIG_INVALID"
"20-0375","20-0375","2026-09-20","11:51:00","cartao","falhou","100","web","CONFIG_INVALID"
"20-0376","20-0376","2026-09-20","11:52:00","cartao","falhou","100","app","CONFIG_INVALID"
"20-0377","20-0377","2026-09-20","11:53:00","cartao","falhou","100","web","CONFIG_INVALID"
"20-0378","20-0378","2026-09-20","11:54:00","cartao","falhou","100","app","CONFIG_INVALID"
"20-0379","20-0379","2026-09-20","11:55:00","cartao","falhou","100","web","CONFIG_INVALID"
"20-0380","20-0380","2026-09-20","11:56:00","cartao","falhou","100","app","CONFIG_INVALID"
"20-0381","20-0381","2026-09-20","11:57:00","cartao","falhou","100","web","CONFIG_INVALID"
"20-0382","20-0382","2026-09-20","11:58:00","cartao","falhou","100","app","CONFIG_INVALID"
"20-0383","20-0383","2026-09-20","11:59:00","cartao","falhou","100","web","CONFIG_INVALID"
"20-0384","20-0384","2026-09-20","12:00:00","cartao","falhou","100","app","CONFIG_INVALID"
"20-0385","20-0385","2026-09-20","12:01:00","cartao","falhou","100","web","CONFIG_INVALID"
"20-0386","20-0386","2026-09-20","12:02:00","cartao","falhou","100","app","CONFIG_INVALID"
"20-0387","20-0387","2026-09-20","12:03:00","cartao","falhou","100","web","CONFIG_INVALID"
"20-0388","20-0388","2026-09-20","12:04:00","cartao","falhou","100","app","CONFIG_INVALID"
"20-0389","20-0389","2026-09-20","12:05:00","cartao","falhou","100","web","CONFIG_INVALID"
"20-0390","20-0390","2026-09-20","12:06:00","cartao","falhou","100","app","CONFIG_INVALID"
"20-0391","20-0391","2026-09-20","12:07:00","cartao","falhou","100","web","CONFIG_INVALID"
"20-0392","20-0392","2026-09-20","12:08:00","cartao","falhou","100","app","CONFIG_INVALID"
"20-0393","20-0393","2026-09-20","12:09:00","cartao","falhou","100","web","CONFIG_INVALID"
"20-0394","20-0394","2026-09-20","12:10:00","cartao","falhou","100","app","CONFIG_INVALID"
"20-0395","20-0395","2026-09-20","12:11:00","cartao","falhou","100","web","CONFIG_INVALID"
"20-0396","20-0396","2026-09-20","12:12:00","cartao","falhou","100","app","CONFIG_INVALID"
"20-0397","20-0397","2026-09-20","12:13:00","cartao","falhou","100","web","CONFIG_INVALID"
"20-0398","20-0398","2026-09-20","12:14:00","cartao","falhou","100","app","CONFIG_INVALID"
"20-0399","20-0399","2026-09-20","12:15:00","cartao","falhou","100","web","CONFIG_INVALID"
"20-0400","20-0400","2026-09-20","12:16:00","cartao","falhou","100","app","CONFIG_INVALID"
"20-0401","20-0401","2026-09-20","12:17:00","cartao","falhou","100","web","CONFIG_INVALID"
"20-0402","20-0402","2026-09-20","12:18:00","cartao","falhou","100","app","CONFIG_INVALID"
"20-0403","20-0403","2026-09-20","12:19:00","cartao","falhou","100","web","CONFIG_INVALID"
"20-0404","20-0404","2026-09-20","12:20:00","cartao","falhou","100","app","CONFIG_INVALID"
"20-0405","20-0405","2026-09-20","12:21:00","cartao","falhou","100","web","CONFIG_INVALID"
"20-0406","20-0406","2026-09-20","12:22:00","cartao","falhou","100","app","CONFIG_INVALID"
"20-0407","20-0407","2026-09-20","12:23:00","cartao","falhou","100","web","CONFIG_INVALID"
"20-0408","20-0408","2026-09-20","12:24:00","cartao","falhou","100","app","CONFIG_INVALID"
"20-0409","20-0409","2026-09-20","12:25:00","cartao","falhou","100","web","CONFIG_INVALID"
"20-0410","20-0410","2026-09-20","12:26:00","cartao","falhou","100","app","CONFIG_INVALID"
"20-0411","20-0411","2026-09-20","12:27:00","cartao","falhou","100","web","CONFIG_INVALID"
"20-0412","20-0412","2026-09-20","12:28:00","cartao","falhou","100","app","CONFIG_INVALID"
"20-0413","20-0413","2026-09-20","12:29:00","cartao","falhou","100","web","CONFIG_INVALID"
"20-0414","20-0414","2026-09-20","12:30:00","cartao","falhou","100","app","CONFIG_INVALID"
"20-0415","20-0415","2026-09-20","12:31:00","cartao","falhou","100","web","CONFIG_INVALID"
"20-0416","20-0416","2026-09-20","12:32:00","cartao","falhou","100","app","CONFIG_INVALID"
"20-0417","20-0417","2026-09-20","12:33:00","cartao","falhou","100","web","CONFIG_INVALID"
"20-0418","20-0418","2026-09-20","12:34:00","cartao","falhou","100","app","CONFIG_INVALID"
"20-0419","20-0419","2026-09-20","12:35:00","cartao","falhou","100","web","CONFIG_INVALID"
"20-0420","20-0420","2026-09-20","12:36:00","cartao","falhou","100","app","CONFIG_INVALID"
"20-0421","20-0421","2026-09-20","12:37:00","cartao","falhou","100","web","CONFIG_INVALID"
"20-0422","20-0422","2026-09-20","12:38:00","cartao","falhou","100","app","CONFIG_INVALID"
"20-0423","20-0423","2026-09-20","12:39:00","cartao","falhou","100","web","CONFIG_INVALID"
"20-0424","20-0424","2026-09-20","12:40:00","cartao","falhou","100","app","CONFIG_INVALID"
"20-0425","20-0425","2026-09-20","12:41:00","cartao","falhou","100","web","CONFIG_INVALID"
"20-0426","20-0426","2026-09-20","12:42:00","cartao","falhou","100","app","CONFIG_INVALID"
"20-0427","20-0427","2026-09-20","12:43:00","cartao","falhou","100","web","CONFIG_INVALID"
"20-0428","20-0428","2026-09-20","12:44:00","cartao","falhou","100","app","CONFIG_INVALID"
"20-0429","20-0429","2026-09-20","12:45:00","cartao","falhou","100","web","CONFIG_INVALID"
"20-0430","20-0430","2026-09-20","12:46:00","cartao","falhou","100","app","CONFIG_INVALID"
"20-0431","20-0431","2026-09-20","12:47:00","cartao","falhou","100","web","CONFIG_INVALID"
"20-0432","20-0432","2026-09-20","12:48:00","cartao","falhou","100","app","CONFIG_INVALID"
"20-0433","20-0433","2026-09-20","12:49:00","cartao","falhou","100","web","CONFIG_INVALID"
"20-0434","20-0434","2026-09-20","12:50:00","cartao","falhou","100","app","CONFIG_INVALID"
"20-0435","20-0435","2026-09-20","12:51:00","cartao","falhou","100","web","CONFIG_INVALID"
"20-0436","20-0436","2026-09-20","12:52:00","cartao","falhou","100","app","CONFIG_INVALID"
"20-0437","20-0437","2026-09-20","12:53:00","cartao","falhou","100","web","CONFIG_INVALID"
"20-0438","20-0438","2026-09-20","12:54:00","cartao","falhou","100","app","CONFIG_INVALID"
"20-0439","20-0439","2026-09-20","12:55:00","cartao","falhou","100","web","CONFIG_INVALID"
"20-0440","20-0440","2026-09-20","12:56:00","cartao","falhou","100","app","CONFIG_INVALID"
"20-0441","20-0441","2026-09-20","12:57:00","cartao","falhou","100","web","CONFIG_INVALID"
"20-0442","20-0442","2026-09-20","12:58:00","cartao","falhou","100","app","CONFIG_INVALID"
"20-0443","20-0443","2026-09-20","12:59:00","cartao","falhou","100","web","CONFIG_INVALID"
"20-0444","20-0444","2026-09-20","13:00:00","cartao","falhou","100","app","CONFIG_INVALID"
"20-0445","20-0445","2026-09-20","13:01:00","cartao","falhou","100","web","CONFIG_INVALID"
"20-0446","20-0446","2026-09-20","13:02:00","cartao","falhou","100","app","CONFIG_INVALID"
"20-0447","20-0447","2026-09-20","13:03:00","cartao","falhou","100","web","CONFIG_INVALID"
"20-0448","20-0448","2026-09-20","13:04:00","cartao","falhou","100","app","CONFIG_INVALID"
"20-0449","20-0449","2026-09-20","13:05:00","cartao","falhou","100","web","CONFIG_INVALID"
"20-0450","20-0450","2026-09-20","13:06:00","cartao","falhou","100","app","CONFIG_INVALID"
"20-0451","20-0451","2026-09-20","13:07:00","cartao","falhou","100","web","CONFIG_INVALID"
"20-0452","20-0452","2026-09-20","13:08:00","cartao","falhou","100","app","CONFIG_INVALID"
"20-0453","20-0453","2026-09-20","13:09:00","cartao","falhou","100","web","CONFIG_INVALID"
"20-0454","20-0454","2026-09-20","13:10:00","cartao","falhou","100","app","CONFIG_INVALID"
"20-0455","20-0455","2026-09-20","13:11:00","cartao","falhou","100","web","CONFIG_INVALID"
"20-0456","20-0456","2026-09-20","13:12:00","cartao","falhou","100","app","CONFIG_INVALID"
"20-0457","20-0457","2026-09-20","13:13:00","cartao","falhou","100","web","CONFIG_INVALID"
"20-0458","20-0458","2026-09-20","13:14:00","cartao","falhou","100","app","CONFIG_INVALID"
"20-0459","20-0459","2026-09-20","13:15:00","cartao","falhou","100","web","CONFIG_INVALID"
"20-0460","20-0460","2026-09-20","13:16:00","cartao","falhou","100","app","CONFIG_INVALID"
"20-0461","20-0461","2026-09-20","13:17:00","cartao","falhou","100","web","CONFIG_INVALID"
"20-0462","20-0462","2026-09-20","13:18:00","cartao","falhou","100","app","CONFIG_INVALID"
"20-0463","20-0463","2026-09-20","13:19:00","cartao","falhou","100","web","CONFIG_INVALID"
"20-0464","20-0464","2026-09-20","13:20:00","cartao","falhou","100","app","CONFIG_INVALID"
"20-0465","20-0465","2026-09-20","13:21:00","cartao","falhou","100","web","CONFIG_INVALID"
"20-0466","20-0466","2026-09-20","13:22:00","cartao","falhou","100","app","CONFIG_INVALID"
"20-0467","20-0467","2026-09-20","13:23:00","cartao","falhou","100","web","CONFIG_INVALID"
"20-0468","20-0468","2026-09-20","13:24:00","cartao","falhou","100","app","CONFIG_INVALID"
"20-0469","20-0469","2026-09-20","13:25:00","cartao","falhou","100","web","CONFIG_INVALID"
"20-0470","20-0470","2026-09-20","13:26:00","cartao","falhou","100","app","CONFIG_INVALID"
"20-0471","20-0471","2026-09-20","13:27:00","cartao","falhou","100","web","CONFIG_INVALID"
"20-0472","20-0472","2026-09-20","13:28:00","cartao","falhou","100","app","CONFIG_INVALID"
"20-0473","20-0473","2026-09-20","13:29:00","cartao","falhou","100","web","CONFIG_INVALID"
"20-0474","20-0474","2026-09-20","13:30:00","cartao","falhou","100","app","CONFIG_INVALID"
"20-0475","20-0475","2026-09-20","13:31:00","cartao","falhou","100","web","CONFIG_INVALID"
"20-0476","20-0476","2026-09-20","13:32:00","cartao","falhou","100","app","CONFIG_INVALID"
"20-0477","20-0477","2026-09-20","13:33:00","cartao","falhou","100","web","CONFIG_INVALID"
"20-0478","20-0478","2026-09-20","13:34:00","cartao","falhou","100","app","CONFIG_INVALID"
"20-0479","20-0479","2026-09-20","13:35:00","cartao","falhou","100","web","CONFIG_INVALID"
"20-0480","20-0480","2026-09-20","13:36:00","cartao","falhou","100","app","CONFIG_INVALID"
"20-0481","20-0481","2026-09-20","13:37:00","cartao","falhou","100","web","CONFIG_INVALID"
"20-0482","20-0482","2026-09-20","13:38:00","cartao","falhou","100","app","CONFIG_INVALID"
"20-0483","20-0483","2026-09-20","13:39:00","cartao","falhou","100","web","CONFIG_INVALID"
"20-0484","20-0484","2026-09-20","13:40:00","cartao","falhou","100","app","CONFIG_INVALID"
"20-0485","20-0485","2026-09-20","13:41:00","cartao","falhou","100","web","CONFIG_INVALID"
"20-0486","20-0486","2026-09-20","13:42:00","cartao","falhou","100","app","CONFIG_INVALID"
"20-0487","20-0487","2026-09-20","13:43:00","cartao","falhou","100","web","CONFIG_INVALID"
"20-0488","20-0488","2026-09-20","13:44:00","cartao","falhou","100","app","CONFIG_INVALID"
"20-0489","20-0489","2026-09-20","13:45:00","cartao","falhou","100","web","CONFIG_INVALID"
"20-0490","20-0490","2026-09-20","13:46:00","cartao","falhou","100","app","CONFIG_INVALID"
"20-0491","20-0491","2026-09-20","13:47:00","cartao","falhou","100","web","CONFIG_INVALID"
"20-0492","20-0492","2026-09-20","13:48:00","cartao","falhou","100","app","CONFIG_INVALID"
"20-0493","20-0493","2026-09-20","13:49:00","cartao","falhou","100","web","CONFIG_INVALID"
"20-0494","20-0494","2026-09-20","13:50:00","cartao","falhou","100","app","CONFIG_INVALID"
"20-0495","20-0495","2026-09-20","13:51:00","cartao","falhou","100","web","CONFIG_INVALID"
"20-0496","20-0496","2026-09-20","13:52:00","cartao","falhou","100","app","CONFIG_INVALID"
"20-0497","20-0497","2026-09-20","13:53:00","cartao","falhou","100","web","CONFIG_INVALID"
"20-0498","20-0498","2026-09-20","13:54:00","cartao","falhou","100","app","CONFIG_INVALID"
"20-0499","20-0499","2026-09-20","13:55:00","cartao","falhou","100","web","CONFIG_INVALID"
"20-0500","20-0500","2026-09-20","13:56:00","cartao","falhou","100","app","CONFIG_INVALID"
"20-0501","20-0501","2026-09-20","13:57:00","cartao","falhou","100","web","CONFIG_INVALID"
"20-0502","20-0502","2026-09-20","13:58:00","cartao","falhou","100","app","CONFIG_INVALID"
"20-0503","20-0503","2026-09-20","13:59:00","cartao","falhou","100","web","CONFIG_INVALID"
"20-0504","20-0504","2026-09-20","14:00:00","cartao","falhou","100","app","CONFIG_INVALID"
"20-0505","20-0505","2026-09-20","14:01:00","cartao","falhou","100","web","CONFIG_INVALID"
"20-0506","20-0506","2026-09-20","14:02:00","cartao","falhou","100","app","CONFIG_INVALID"
"20-0507","20-0507","2026-09-20","14:03:00","cartao","falhou","100","web","CONFIG_INVALID"
"20-0508","20-0508","2026-09-20","14:04:00","cartao","falhou","100","app","CONFIG_INVALID"
"20-0509","20-0509","2026-09-20","14:05:00","cartao","falhou","100","web","CONFIG_INVALID"
"20-0510","20-0510","2026-09-20","14:06:00","cartao","falhou","100","app","CONFIG_INVALID"
"20-0511","20-0511","2026-09-20","14:07:00","cartao","falhou","100","web","CONFIG_INVALID"
"20-0512","20-0512","2026-09-20","14:08:00","cartao","falhou","100","app","CONFIG_INVALID"
"20-0513","20-0513","2026-09-20","14:09:00","cartao","falhou","100","web","CONFIG_INVALID"
"20-0514","20-0514","2026-09-20","14:10:00","cartao","falhou","100","app","CONFIG_INVALID"
"20-0515","20-0515","2026-09-20","14:11:00","cartao","falhou","100","web","CONFIG_INVALID"
"20-0516","20-0516","2026-09-20","14:12:00","cartao","falhou","100","app","CONFIG_INVALID"
"20-0517","20-0517","2026-09-20","14:13:00","cartao","falhou","100","web","CONFIG_INVALID"
"20-0518","20-0518","2026-09-20","14:14:00","cartao","falhou","100","app","CONFIG_INVALID"
"20-0519","20-0519","2026-09-20","14:15:00","cartao","falhou","100","web","CONFIG_INVALID"
"20-0520","20-0520","2026-09-20","14:16:00","cartao","falhou","100","app","CONFIG_INVALID"
"20-0521","20-0521","2026-09-20","14:17:00","cartao","falhou","100","web","CONFIG_INVALID"
"20-0522","20-0522","2026-09-20","14:18:00","cartao","falhou","100","app","CONFIG_INVALID"
"20-0523","20-0523","2026-09-20","14:19:00","cartao","falhou","100","web","CONFIG_INVALID"
"20-0524","20-0524","2026-09-20","14:20:00","cartao","falhou","100","app","CONFIG_INVALID"
"20-0525","20-0525","2026-09-20","14:21:00","cartao","falhou","100","web","CONFIG_INVALID"
"20-0526","20-0526","2026-09-20","14:22:00","cartao","falhou","100","app","CONFIG_INVALID"
"20-0527","20-0527","2026-09-20","14:23:00","cartao","falhou","100","web","CONFIG_INVALID"
"20-0528","20-0528","2026-09-20","14:24:00","cartao","falhou","100","app","CONFIG_INVALID"
"20-0529","20-0529","2026-09-20","14:25:00","cartao","falhou","100","web","CONFIG_INVALID"
"20-0530","20-0530","2026-09-20","14:26:00","cartao","falhou","100","app","CONFIG_INVALID"
"20-0531","20-0531","2026-09-20","14:27:00","cartao","falhou","100","web","CONFIG_INVALID"
"20-0532","20-0532","2026-09-20","14:28:00","cartao","falhou","100","app","CONFIG_INVALID"
"20-0533","20-0533","2026-09-20","14:29:00","cartao","falhou","100","web","CONFIG_INVALID"
"20-0534","20-0534","2026-09-20","14:30:00","cartao","falhou","100","app","CONFIG_INVALID"
"20-0535","20-0535","2026-09-20","14:31:00","cartao","falhou","100","web","CONFIG_INVALID"
"20-0536","20-0536","2026-09-20","14:32:00","cartao","falhou","100","app","CONFIG_INVALID"
"20-0537","20-0537","2026-09-20","14:33:00","cartao","falhou","100","web","CONFIG_INVALID"
"20-0538","20-0538","2026-09-20","14:34:00","cartao","falhou","100","app","CONFIG_INVALID"
"20-0539","20-0539","2026-09-20","14:35:00","cartao","falhou","100","web","CONFIG_INVALID"
"20-0540","20-0540","2026-09-20","14:36:00","cartao","falhou","100","app","CONFIG_INVALID"
"20-0541","20-0541","2026-09-20","13:24:00","cartao","falhou","100","web","RECUSADO"
"20-0542","20-0542","2026-09-20","13:24:00","cartao","falhou","100","app","RECUSADO"
"20-0543","20-0543","2026-09-20","13:25:00","cartao","falhou","100","web","RECUSADO"
"20-0544","20-0544","2026-09-20","13:25:00","cartao","falhou","100","app","RECUSADO"
"20-0545","20-0545","2026-09-20","13:26:00","cartao","falhou","100","web","RECUSADO"
"20-0546","20-0546","2026-09-20","13:27:00","cartao","falhou","100","app","RECUSADO"
"20-0547","20-0547","2026-09-20","13:27:00","cartao","falhou","100","web","RECUSADO"
"20-0548","20-0548","2026-09-20","13:28:00","cartao","falhou","100","app","RECUSADO"
"20-0549","20-0549","2026-09-20","13:28:00","cartao","falhou","100","web","RECUSADO"
"20-0550","20-0550","2026-09-20","13:29:00","cartao","falhou","100","app","RECUSADO"
"20-0551","20-0551","2026-09-20","13:30:00","cartao","falhou","100","web","RECUSADO"
"20-0552","20-0552","2026-09-20","13:30:00","cartao","falhou","100","app","RECUSADO"
"20-0553","20-0553","2026-09-20","13:31:00","cartao","falhou","100","web","RECUSADO"
"20-0554","20-0554","2026-09-20","13:31:00","cartao","falhou","100","app","RECUSADO"
"20-0555","20-0555","2026-09-20","13:32:00","cartao","falhou","100","web","RECUSADO"
"20-0556","20-0556","2026-09-20","13:33:00","cartao","falhou","100","app","RECUSADO"
"20-0557","20-0557","2026-09-20","13:33:00","cartao","falhou","100","web","RECUSADO"
"20-0558","20-0558","2026-09-20","13:34:00","cartao","falhou","100","app","RECUSADO"
"20-0559","20-0559","2026-09-20","13:34:00","cartao","falhou","100","web","RECUSADO"
"20-0560","20-0560","2026-09-20","13:35:00","cartao","falhou","100","app","RECUSADO"
"20-0561","20-0561","2026-09-20","13:36:00","cartao","falhou","100","web","RECUSADO"
"20-0562","20-0562","2026-09-20","13:36:00","cartao","falhou","100","app","RECUSADO"
"20-0563","20-0563","2026-09-20","13:37:00","cartao","falhou","100","web","RECUSADO"
"20-0564","20-0564","2026-09-20","13:37:00","cartao","falhou","100","app","RECUSADO"
"20-0565","20-0565","2026-09-20","13:38:00","cartao","falhou","100","web","RECUSADO"
"20-0566","20-0566","2026-09-20","13:39:00","cartao","falhou","100","app","RECUSADO"
"20-0567","20-0567","2026-09-20","13:39:00","cartao","falhou","100","web","RECUSADO"
"20-0568","20-0568","2026-09-20","13:40:00","cartao","falhou","100","app","RECUSADO"
"20-0569","20-0569","2026-09-20","13:40:00","cartao","falhou","100","web","RECUSADO"
"20-0570","20-0570","2026-09-20","13:41:00","cartao","falhou","100","app","RECUSADO"
"20-0571","20-0571","2026-09-20","13:42:00","cartao","falhou","100","web","RECUSADO"
"20-0572","20-0572","2026-09-20","13:42:00","cartao","falhou","100","app","RECUSADO"
"20-0573","20-0573","2026-09-20","13:43:00","cartao","falhou","100","web","RECUSADO"
"20-0574","20-0574","2026-09-20","13:43:00","cartao","falhou","100","app","RECUSADO"
"20-0575","20-0575","2026-09-20","13:44:00","cartao","falhou","100","web","RECUSADO"
"20-0576","20-0576","2026-09-20","13:45:00","cartao","falhou","100","app","RECUSADO"
"20-0577","20-0577","2026-09-20","13:45:00","cartao","falhou","100","web","RECUSADO"
"20-0578","20-0578","2026-09-20","13:46:00","cartao","falhou","100","app","RECUSADO"
"20-0579","20-0579","2026-09-20","13:46:00","cartao","falhou","100","web","RECUSADO"
"20-0580","20-0580","2026-09-20","13:47:00","cartao","falhou","100","app","RECUSADO"
"20-0581","20-0581","2026-09-20","13:48:00","cartao","falhou","100","web","RECUSADO"
"20-0582","20-0582","2026-09-20","13:48:00","cartao","falhou","100","app","RECUSADO"
"20-0583","20-0583","2026-09-20","13:49:00","cartao","falhou","100","web","RECUSADO"
"20-0584","20-0584","2026-09-20","13:49:00","cartao","falhou","100","app","RECUSADO"
"20-0585","20-0585","2026-09-20","13:50:00","cartao","falhou","100","web","RECUSADO"
"20-0586","20-0586","2026-09-20","13:51:00","cartao","falhou","100","app","RECUSADO"
"20-0587","20-0587","2026-09-20","13:51:00","cartao","falhou","100","web","RECUSADO"
"20-0588","20-0588","2026-09-20","13:52:00","cartao","falhou","100","app","RECUSADO"
"20-0589","20-0589","2026-09-20","13:52:00","cartao","falhou","100","web","RECUSADO"
"20-0590","20-0590","2026-09-20","13:53:00","cartao","falhou","100","app","RECUSADO"
"20-0591","20-0591","2026-09-20","13:54:00","cartao","falhou","100","web","RECUSADO"
"20-0592","20-0592","2026-09-20","13:54:00","cartao","falhou","100","app","RECUSADO"
"20-0593","20-0593","2026-09-20","13:55:00","cartao","falhou","100","web","RECUSADO"
"20-0594","20-0594","2026-09-20","13:55:00","cartao","falhou","100","app","RECUSADO"
"20-0595","20-0595","2026-09-20","13:56:00","cartao","falhou","100","web","RECUSADO"
"20-0596","20-0596","2026-09-20","13:57:00","cartao","falhou","100","app","RECUSADO"
"20-0597","20-0597","2026-09-20","13:57:00","cartao","falhou","100","web","RECUSADO"
"20-0598","20-0598","2026-09-20","13:58:00","cartao","falhou","100","app","RECUSADO"
"20-0599","20-0599","2026-09-20","13:58:00","cartao","falhou","100","web","RECUSADO"
"20-0600","20-0600","2026-09-20","13:59:00","cartao","falhou","100","app","RECUSADO"
"20-0601","20-0601","2026-09-20","14:00:00","pix","aprovado","100","web",""
"20-0602","20-0602","2026-09-20","14:00:00","pix","aprovado","100","app",""
"20-0603","20-0603","2026-09-20","14:01:00","pix","aprovado","100","web",""
"20-0604","20-0604","2026-09-20","14:01:00","pix","aprovado","100","app",""
"20-0605","20-0605","2026-09-20","14:02:00","pix","aprovado","100","web",""
"20-0606","20-0606","2026-09-20","14:03:00","pix","aprovado","100","app",""
"20-0607","20-0607","2026-09-20","14:03:00","pix","aprovado","100","web",""
"20-0608","20-0608","2026-09-20","14:04:00","pix","aprovado","100","app",""
"20-0609","20-0609","2026-09-20","14:04:00","pix","aprovado","100","web",""
"20-0610","20-0610","2026-09-20","14:05:00","pix","aprovado","100","app",""
"20-0611","20-0611","2026-09-20","14:06:00","pix","aprovado","100","web",""
"20-0612","20-0612","2026-09-20","14:06:00","pix","aprovado","100","app",""
"20-0613","20-0613","2026-09-20","14:07:00","pix","aprovado","100","web",""
"20-0614","20-0614","2026-09-20","14:07:00","pix","aprovado","100","app",""
"20-0615","20-0615","2026-09-20","14:08:00","pix","aprovado","100","web",""
"20-0616","20-0616","2026-09-20","14:09:00","pix","aprovado","100","app",""
"20-0617","20-0617","2026-09-20","14:09:00","pix","aprovado","100","web",""
"20-0618","20-0618","2026-09-20","14:10:00","pix","aprovado","100","app",""
"20-0619","20-0619","2026-09-20","14:10:00","pix","aprovado","100","web",""
"20-0620","20-0620","2026-09-20","14:11:00","pix","aprovado","100","app",""
"20-0621","20-0621","2026-09-20","14:12:00","pix","aprovado","100","web",""
"20-0622","20-0622","2026-09-20","14:12:00","pix","aprovado","100","app",""
"20-0623","20-0623","2026-09-20","14:13:00","pix","aprovado","100","web",""
"20-0624","20-0624","2026-09-20","14:13:00","pix","aprovado","100","app",""
"20-0625","20-0625","2026-09-20","14:14:00","pix","aprovado","100","web",""
"20-0626","20-0626","2026-09-20","14:15:00","pix","aprovado","100","app",""
"20-0627","20-0627","2026-09-20","14:15:00","pix","aprovado","100","web",""
"20-0628","20-0628","2026-09-20","14:16:00","pix","aprovado","100","app",""
"20-0629","20-0629","2026-09-20","14:16:00","pix","aprovado","100","web",""
"20-0630","20-0630","2026-09-20","14:17:00","pix","aprovado","100","app",""
"20-0631","20-0631","2026-09-20","14:18:00","pix","aprovado","100","web",""
"20-0632","20-0632","2026-09-20","14:18:00","pix","aprovado","100","app",""
"20-0633","20-0633","2026-09-20","14:19:00","pix","aprovado","100","web",""
"20-0634","20-0634","2026-09-20","14:19:00","pix","aprovado","100","app",""
"20-0635","20-0635","2026-09-20","14:20:00","pix","aprovado","100","web",""
"20-0636","20-0636","2026-09-20","14:21:00","pix","aprovado","100","app",""
"20-0637","20-0637","2026-09-20","14:21:00","pix","aprovado","100","web",""
"20-0638","20-0638","2026-09-20","14:22:00","pix","aprovado","100","app",""
"20-0639","20-0639","2026-09-20","14:22:00","pix","aprovado","100","web",""
"20-0640","20-0640","2026-09-20","14:23:00","pix","aprovado","100","app",""
"20-0641","20-0641","2026-09-20","14:24:00","pix","aprovado","100","web",""
"20-0642","20-0642","2026-09-20","14:24:00","pix","aprovado","100","app",""
"20-0643","20-0643","2026-09-20","14:25:00","pix","aprovado","100","web",""
"20-0644","20-0644","2026-09-20","14:25:00","pix","aprovado","100","app",""
"20-0645","20-0645","2026-09-20","14:26:00","pix","aprovado","100","web",""
"20-0646","20-0646","2026-09-20","14:27:00","pix","aprovado","100","app",""
"20-0647","20-0647","2026-09-20","14:27:00","pix","aprovado","100","web",""
"20-0648","20-0648","2026-09-20","14:28:00","pix","aprovado","100","app",""
"20-0649","20-0649","2026-09-20","14:28:00","pix","aprovado","100","web",""
"20-0650","20-0650","2026-09-20","14:29:00","pix","aprovado","100","app",""
"20-0651","20-0651","2026-09-20","14:30:00","pix","aprovado","100","web",""
"20-0652","20-0652","2026-09-20","14:30:00","pix","aprovado","100","app",""
"20-0653","20-0653","2026-09-20","14:31:00","pix","aprovado","100","web",""
"20-0654","20-0654","2026-09-20","14:31:00","pix","aprovado","100","app",""
"20-0655","20-0655","2026-09-20","14:32:00","pix","aprovado","100","web",""
"20-0656","20-0656","2026-09-20","14:33:00","pix","aprovado","100","app",""
"20-0657","20-0657","2026-09-20","14:33:00","pix","aprovado","100","web",""
"20-0658","20-0658","2026-09-20","14:34:00","pix","aprovado","100","app",""
"20-0659","20-0659","2026-09-20","14:34:00","pix","aprovado","100","web",""
"20-0660","20-0660","2026-09-20","14:35:00","pix","aprovado","100","app",""
"20-0661","20-0661","2026-09-20","14:36:00","pix","aprovado","100","web",""
"20-0662","20-0662","2026-09-20","14:36:00","pix","aprovado","100","app",""
"20-0663","20-0663","2026-09-20","14:37:00","pix","aprovado","100","web",""
"20-0664","20-0664","2026-09-20","14:37:00","pix","aprovado","100","app",""
"20-0665","20-0665","2026-09-20","14:38:00","pix","aprovado","100","web",""
"20-0666","20-0666","2026-09-20","14:39:00","pix","aprovado","100","app",""
"20-0667","20-0667","2026-09-20","14:39:00","pix","aprovado","100","web",""
"20-0668","20-0668","2026-09-20","14:40:00","pix","aprovado","100","app",""
"20-0669","20-0669","2026-09-20","14:40:00","pix","aprovado","100","web",""
"20-0670","20-0670","2026-09-20","14:41:00","pix","aprovado","100","app",""
"20-0671","20-0671","2026-09-20","14:42:00","pix","aprovado","100","web",""
"20-0672","20-0672","2026-09-20","14:42:00","pix","aprovado","100","app",""
"20-0673","20-0673","2026-09-20","14:43:00","pix","aprovado","100","web",""
"20-0674","20-0674","2026-09-20","14:43:00","pix","aprovado","100","app",""
"20-0675","20-0675","2026-09-20","14:44:00","pix","aprovado","100","web",""
"20-0676","20-0676","2026-09-20","14:45:00","pix","aprovado","100","app",""
"20-0677","20-0677","2026-09-20","14:45:00","pix","aprovado","100","web",""
"20-0678","20-0678","2026-09-20","14:46:00","pix","aprovado","100","app",""
"20-0679","20-0679","2026-09-20","14:46:00","pix","aprovado","100","web",""
"20-0680","20-0680","2026-09-20","14:47:00","pix","aprovado","100","app",""
"20-0681","20-0681","2026-09-20","14:48:00","pix","aprovado","100","web",""
"20-0682","20-0682","2026-09-20","14:48:00","pix","aprovado","100","app",""
"20-0683","20-0683","2026-09-20","14:49:00","pix","aprovado","100","web",""
"20-0684","20-0684","2026-09-20","14:49:00","pix","aprovado","100","app",""
"20-0685","20-0685","2026-09-20","14:50:00","pix","aprovado","100","web",""
"20-0686","20-0686","2026-09-20","14:51:00","pix","aprovado","100","app",""
"20-0687","20-0687","2026-09-20","14:51:00","pix","aprovado","100","web",""
"20-0688","20-0688","2026-09-20","14:52:00","pix","aprovado","100","app",""
"20-0689","20-0689","2026-09-20","14:52:00","pix","aprovado","100","web",""
"20-0690","20-0690","2026-09-20","14:53:00","pix","aprovado","100","app",""
"20-0691","20-0691","2026-09-20","14:54:00","pix","aprovado","100","web",""
"20-0692","20-0692","2026-09-20","14:54:00","pix","aprovado","100","app",""
"20-0693","20-0693","2026-09-20","14:55:00","pix","aprovado","100","web",""
"20-0694","20-0694","2026-09-20","14:55:00","pix","aprovado","100","app",""
"20-0695","20-0695","2026-09-20","14:56:00","pix","aprovado","100","web",""
"20-0696","20-0696","2026-09-20","14:57:00","pix","aprovado","100","app",""
"20-0697","20-0697","2026-09-20","14:57:00","pix","aprovado","100","web",""
"20-0698","20-0698","2026-09-20","14:58:00","pix","aprovado","100","app",""
"20-0699","20-0699","2026-09-20","14:58:00","pix","aprovado","100","web",""
"20-0700","20-0700","2026-09-20","14:59:00","pix","aprovado","100","app",""
"20-0701","20-0701","2026-09-20","15:00:00","pix","aprovado","100","web",""
"20-0702","20-0702","2026-09-20","15:00:00","pix","aprovado","100","app",""
"20-0703","20-0703","2026-09-20","15:01:00","pix","aprovado","100","web",""
"20-0704","20-0704","2026-09-20","15:01:00","pix","aprovado","100","app",""
"20-0705","20-0705","2026-09-20","15:02:00","pix","aprovado","100","web",""
"20-0706","20-0706","2026-09-20","15:03:00","pix","aprovado","100","app",""
"20-0707","20-0707","2026-09-20","15:03:00","pix","aprovado","100","web",""
"20-0708","20-0708","2026-09-20","15:04:00","pix","aprovado","100","app",""
"20-0709","20-0709","2026-09-20","15:04:00","pix","aprovado","100","web",""
"20-0710","20-0710","2026-09-20","15:05:00","pix","aprovado","100","app",""
"20-0711","20-0711","2026-09-20","15:06:00","pix","aprovado","100","web",""
"20-0712","20-0712","2026-09-20","15:06:00","pix","aprovado","100","app",""
"20-0713","20-0713","2026-09-20","15:07:00","pix","aprovado","100","web",""
"20-0714","20-0714","2026-09-20","15:07:00","pix","aprovado","100","app",""
"20-0715","20-0715","2026-09-20","15:08:00","pix","aprovado","100","web",""
"20-0716","20-0716","2026-09-20","15:09:00","pix","aprovado","100","app",""
"20-0717","20-0717","2026-09-20","15:09:00","pix","aprovado","100","web",""
"20-0718","20-0718","2026-09-20","15:10:00","pix","aprovado","100","app",""
"20-0719","20-0719","2026-09-20","15:10:00","pix","aprovado","100","web",""
"20-0720","20-0720","2026-09-20","15:11:00","pix","aprovado","100","app",""
"20-0721","20-0721","2026-09-20","15:12:00","pix","aprovado","100","web",""
"20-0722","20-0722","2026-09-20","15:12:00","pix","aprovado","100","app",""
"20-0723","20-0723","2026-09-20","15:13:00","pix","aprovado","100","web",""
"20-0724","20-0724","2026-09-20","15:13:00","pix","aprovado","100","app",""
"20-0725","20-0725","2026-09-20","15:14:00","pix","aprovado","100","web",""
"20-0726","20-0726","2026-09-20","15:15:00","pix","aprovado","100","app",""
"20-0727","20-0727","2026-09-20","15:15:00","pix","aprovado","100","web",""
"20-0728","20-0728","2026-09-20","15:16:00","pix","aprovado","100","app",""
"20-0729","20-0729","2026-09-20","15:16:00","pix","aprovado","100","web",""
"20-0730","20-0730","2026-09-20","15:17:00","pix","aprovado","100","app",""
"20-0731","20-0731","2026-09-20","15:18:00","pix","aprovado","100","web",""
"20-0732","20-0732","2026-09-20","15:18:00","pix","aprovado","100","app",""
"20-0733","20-0733","2026-09-20","15:19:00","pix","aprovado","100","web",""
"20-0734","20-0734","2026-09-20","15:19:00","pix","aprovado","100","app",""
"20-0735","20-0735","2026-09-20","15:20:00","pix","aprovado","100","web",""
"20-0736","20-0736","2026-09-20","15:21:00","pix","aprovado","100","app",""
"20-0737","20-0737","2026-09-20","15:21:00","pix","aprovado","100","web",""
"20-0738","20-0738","2026-09-20","15:22:00","pix","aprovado","100","app",""
"20-0739","20-0739","2026-09-20","15:22:00","pix","aprovado","100","web",""
"20-0740","20-0740","2026-09-20","15:23:00","pix","aprovado","100","app",""
"20-0741","20-0741","2026-09-20","15:24:00","pix","aprovado","100","web",""
"20-0742","20-0742","2026-09-20","15:24:00","pix","aprovado","100","app",""
"20-0743","20-0743","2026-09-20","15:25:00","pix","aprovado","100","web",""
"20-0744","20-0744","2026-09-20","15:25:00","pix","aprovado","100","app",""
"20-0745","20-0745","2026-09-20","15:26:00","pix","aprovado","100","web",""
"20-0746","20-0746","2026-09-20","15:27:00","pix","aprovado","100","app",""
"20-0747","20-0747","2026-09-20","15:27:00","pix","aprovado","100","web",""
"20-0748","20-0748","2026-09-20","15:28:00","pix","aprovado","100","app",""
"20-0749","20-0749","2026-09-20","15:28:00","pix","aprovado","100","web",""
"20-0750","20-0750","2026-09-20","15:29:00","pix","aprovado","100","app",""
"20-0751","20-0751","2026-09-20","15:30:00","pix","aprovado","100","web",""
"20-0752","20-0752","2026-09-20","15:30:00","pix","aprovado","100","app",""
"20-0753","20-0753","2026-09-20","15:31:00","pix","aprovado","100","web",""
"20-0754","20-0754","2026-09-20","15:31:00","pix","aprovado","100","app",""
"20-0755","20-0755","2026-09-20","15:32:00","pix","aprovado","100","web",""
"20-0756","20-0756","2026-09-20","15:33:00","pix","aprovado","100","app",""
"20-0757","20-0757","2026-09-20","15:33:00","pix","aprovado","100","web",""
"20-0758","20-0758","2026-09-20","15:34:00","pix","aprovado","100","app",""
"20-0759","20-0759","2026-09-20","15:34:00","pix","aprovado","100","web",""
"20-0760","20-0760","2026-09-20","15:35:00","pix","aprovado","100","app",""
"20-0761","20-0761","2026-09-20","15:36:00","pix","aprovado","100","web",""
"20-0762","20-0762","2026-09-20","15:36:00","pix","aprovado","100","app",""
"20-0763","20-0763","2026-09-20","15:37:00","pix","aprovado","100","web",""
"20-0764","20-0764","2026-09-20","15:37:00","pix","aprovado","100","app",""
"20-0765","20-0765","2026-09-20","15:38:00","pix","aprovado","100","web",""
"20-0766","20-0766","2026-09-20","15:39:00","pix","aprovado","100","app",""
"20-0767","20-0767","2026-09-20","15:39:00","pix","aprovado","100","web",""
"20-0768","20-0768","2026-09-20","15:40:00","pix","aprovado","100","app",""
"20-0769","20-0769","2026-09-20","15:40:00","pix","aprovado","100","web",""
"20-0770","20-0770","2026-09-20","15:41:00","pix","aprovado","100","app",""
"20-0771","20-0771","2026-09-20","15:42:00","pix","aprovado","100","web",""
"20-0772","20-0772","2026-09-20","15:42:00","pix","aprovado","100","app",""
"20-0773","20-0773","2026-09-20","15:43:00","pix","aprovado","100","web",""
"20-0774","20-0774","2026-09-20","15:43:00","pix","aprovado","100","app",""
"20-0775","20-0775","2026-09-20","15:44:00","pix","aprovado","100","web",""
"20-0776","20-0776","2026-09-20","15:45:00","pix","aprovado","100","app",""
"20-0777","20-0777","2026-09-20","15:45:00","pix","aprovado","100","web",""
"20-0778","20-0778","2026-09-20","15:46:00","pix","aprovado","100","app",""
"20-0779","20-0779","2026-09-20","15:46:00","pix","aprovado","100","web",""
"20-0780","20-0780","2026-09-20","15:47:00","pix","aprovado","100","app",""
"20-0781","20-0781","2026-09-20","15:48:00","pix","aprovado","100","web",""
"20-0782","20-0782","2026-09-20","15:48:00","pix","aprovado","100","app",""
"20-0783","20-0783","2026-09-20","15:49:00","pix","aprovado","100","web",""
"20-0784","20-0784","2026-09-20","15:49:00","pix","aprovado","100","app",""
"20-0785","20-0785","2026-09-20","15:50:00","pix","aprovado","100","web",""
"20-0786","20-0786","2026-09-20","15:51:00","pix","aprovado","100","app",""
"20-0787","20-0787","2026-09-20","15:51:00","pix","aprovado","100","web",""
"20-0788","20-0788","2026-09-20","15:52:00","pix","aprovado","100","app",""
"20-0789","20-0789","2026-09-20","15:52:00","pix","aprovado","100","web",""
"20-0790","20-0790","2026-09-20","15:53:00","pix","aprovado","100","app",""
"20-0791","20-0791","2026-09-20","15:54:00","pix","aprovado","100","web",""
"20-0792","20-0792","2026-09-20","15:54:00","pix","aprovado","100","app",""
"20-0793","20-0793","2026-09-20","15:55:00","pix","aprovado","100","web",""
"20-0794","20-0794","2026-09-20","15:55:00","pix","aprovado","100","app",""
"20-0795","20-0795","2026-09-20","15:56:00","pix","aprovado","100","web",""
"20-0796","20-0796","2026-09-20","15:57:00","pix","aprovado","100","app",""
"20-0797","20-0797","2026-09-20","15:57:00","pix","aprovado","100","web",""
"20-0798","20-0798","2026-09-20","15:58:00","pix","aprovado","100","app",""
"20-0799","20-0799","2026-09-20","15:58:00","pix","aprovado","100","web",""
"20-0800","20-0800","2026-09-20","15:59:00","pix","aprovado","100","app",""
"20-0801","20-0801","2026-09-20","16:00:00","pix","aprovado","100","web",""
"20-0802","20-0802","2026-09-20","16:00:00","pix","aprovado","100","app",""
"20-0803","20-0803","2026-09-20","16:01:00","pix","aprovado","100","web",""
"20-0804","20-0804","2026-09-20","16:01:00","pix","aprovado","100","app",""
"20-0805","20-0805","2026-09-20","16:02:00","pix","aprovado","100","web",""
"20-0806","20-0806","2026-09-20","16:03:00","pix","aprovado","100","app",""
"20-0807","20-0807","2026-09-20","16:03:00","pix","aprovado","100","web",""
"20-0808","20-0808","2026-09-20","16:04:00","pix","aprovado","100","app",""
"20-0809","20-0809","2026-09-20","16:04:00","pix","aprovado","100","web",""
"20-0810","20-0810","2026-09-20","16:05:00","pix","aprovado","100","app",""
"20-0811","20-0811","2026-09-20","16:06:00","pix","aprovado","100","web",""
"20-0812","20-0812","2026-09-20","16:06:00","pix","aprovado","100","app",""
"20-0813","20-0813","2026-09-20","16:07:00","pix","aprovado","100","web",""
"20-0814","20-0814","2026-09-20","16:07:00","pix","aprovado","100","app",""
"20-0815","20-0815","2026-09-20","16:08:00","pix","aprovado","100","web",""
"20-0816","20-0816","2026-09-20","16:09:00","pix","aprovado","100","app",""
"20-0817","20-0817","2026-09-20","16:09:00","pix","aprovado","100","web",""
"20-0818","20-0818","2026-09-20","16:10:00","pix","aprovado","100","app",""
"20-0819","20-0819","2026-09-20","16:10:00","pix","aprovado","100","web",""
"20-0820","20-0820","2026-09-20","16:11:00","pix","aprovado","100","app",""
"20-0821","20-0821","2026-09-20","16:12:00","pix","aprovado","100","web",""
"20-0822","20-0822","2026-09-20","16:12:00","pix","aprovado","100","app",""
"20-0823","20-0823","2026-09-20","16:13:00","pix","aprovado","100","web",""
"20-0824","20-0824","2026-09-20","16:13:00","pix","aprovado","100","app",""
"20-0825","20-0825","2026-09-20","16:14:00","pix","aprovado","100","web",""
"20-0826","20-0826","2026-09-20","16:15:00","pix","aprovado","100","app",""
"20-0827","20-0827","2026-09-20","16:15:00","pix","aprovado","100","web",""
"20-0828","20-0828","2026-09-20","16:16:00","pix","aprovado","100","app",""
"20-0829","20-0829","2026-09-20","16:16:00","pix","aprovado","100","web",""
"20-0830","20-0830","2026-09-20","16:17:00","pix","aprovado","100","app",""
"20-0831","20-0831","2026-09-20","16:18:00","pix","aprovado","100","web",""
"20-0832","20-0832","2026-09-20","16:18:00","pix","aprovado","100","app",""
"20-0833","20-0833","2026-09-20","16:19:00","pix","aprovado","100","web",""
"20-0834","20-0834","2026-09-20","16:19:00","pix","aprovado","100","app",""
"20-0835","20-0835","2026-09-20","16:20:00","pix","aprovado","100","web",""
"20-0836","20-0836","2026-09-20","16:21:00","pix","aprovado","100","app",""
"20-0837","20-0837","2026-09-20","16:21:00","pix","aprovado","100","web",""
"20-0838","20-0838","2026-09-20","16:22:00","pix","aprovado","100","app",""
"20-0839","20-0839","2026-09-20","16:22:00","pix","aprovado","100","web",""
"20-0840","20-0840","2026-09-20","16:23:00","pix","aprovado","100","app",""
"20-0841","20-0841","2026-09-20","16:24:00","pix","aprovado","100","web",""
"20-0842","20-0842","2026-09-20","16:24:00","pix","aprovado","100","app",""
"20-0843","20-0843","2026-09-20","16:25:00","pix","aprovado","100","web",""
"20-0844","20-0844","2026-09-20","16:25:00","pix","aprovado","100","app",""
"20-0845","20-0845","2026-09-20","16:26:00","pix","aprovado","100","web",""
"20-0846","20-0846","2026-09-20","16:27:00","pix","aprovado","100","app",""
"20-0847","20-0847","2026-09-20","16:27:00","pix","aprovado","100","web",""
"20-0848","20-0848","2026-09-20","16:28:00","pix","aprovado","100","app",""
"20-0849","20-0849","2026-09-20","16:28:00","pix","aprovado","100","web",""
"20-0850","20-0850","2026-09-20","16:29:00","pix","aprovado","100","app",""
"20-0851","20-0851","2026-09-20","16:30:00","pix","aprovado","100","web",""
"20-0852","20-0852","2026-09-20","16:30:00","pix","aprovado","100","app",""
"20-0853","20-0853","2026-09-20","16:31:00","pix","aprovado","100","web",""
"20-0854","20-0854","2026-09-20","16:31:00","pix","aprovado","100","app",""
"20-0855","20-0855","2026-09-20","16:32:00","pix","aprovado","100","web",""
"20-0856","20-0856","2026-09-20","16:33:00","pix","aprovado","100","app",""
"20-0857","20-0857","2026-09-20","16:33:00","pix","aprovado","100","web",""
"20-0858","20-0858","2026-09-20","16:34:00","pix","aprovado","100","app",""
"20-0859","20-0859","2026-09-20","16:34:00","pix","aprovado","100","web",""
"20-0860","20-0860","2026-09-20","16:35:00","pix","aprovado","100","app",""
"20-0861","20-0861","2026-09-20","16:36:00","pix","aprovado","100","web",""
"20-0862","20-0862","2026-09-20","16:36:00","pix","aprovado","100","app",""
"20-0863","20-0863","2026-09-20","16:37:00","pix","aprovado","100","web",""
"20-0864","20-0864","2026-09-20","16:37:00","pix","aprovado","100","app",""
"20-0865","20-0865","2026-09-20","16:38:00","pix","aprovado","100","web",""
"20-0866","20-0866","2026-09-20","16:39:00","pix","aprovado","100","app",""
"20-0867","20-0867","2026-09-20","16:39:00","pix","aprovado","100","web",""
"20-0868","20-0868","2026-09-20","16:40:00","pix","aprovado","100","app",""
"20-0869","20-0869","2026-09-20","16:40:00","pix","aprovado","100","web",""
"20-0870","20-0870","2026-09-20","16:41:00","pix","aprovado","100","app",""
"20-0871","20-0871","2026-09-20","16:42:00","pix","aprovado","100","web",""
"20-0872","20-0872","2026-09-20","16:42:00","pix","aprovado","100","app",""
"20-0873","20-0873","2026-09-20","16:43:00","pix","aprovado","100","web",""
"20-0874","20-0874","2026-09-20","16:43:00","pix","aprovado","100","app",""
"20-0875","20-0875","2026-09-20","16:44:00","pix","aprovado","100","web",""
"20-0876","20-0876","2026-09-20","16:45:00","pix","aprovado","100","app",""
"20-0877","20-0877","2026-09-20","16:45:00","pix","aprovado","100","web",""
"20-0878","20-0878","2026-09-20","16:46:00","pix","aprovado","100","app",""
"20-0879","20-0879","2026-09-20","16:46:00","pix","aprovado","100","web",""
"20-0880","20-0880","2026-09-20","16:47:00","pix","aprovado","100","app",""
"20-0881","20-0881","2026-09-20","16:48:00","pix","aprovado","100","web",""
"20-0882","20-0882","2026-09-20","16:48:00","pix","aprovado","100","app",""
"20-0883","20-0883","2026-09-20","16:49:00","pix","aprovado","100","web",""
"20-0884","20-0884","2026-09-20","16:49:00","pix","aprovado","100","app",""
"20-0885","20-0885","2026-09-20","16:50:00","pix","aprovado","100","web",""
"20-0886","20-0886","2026-09-20","16:51:00","pix","aprovado","100","app",""
"20-0887","20-0887","2026-09-20","16:51:00","pix","aprovado","100","web",""
"20-0888","20-0888","2026-09-20","16:52:00","pix","aprovado","100","app",""
"20-0889","20-0889","2026-09-20","16:52:00","pix","aprovado","100","web",""
"20-0890","20-0890","2026-09-20","16:53:00","pix","aprovado","100","app",""
"20-0891","20-0891","2026-09-20","16:54:00","pix","aprovado","100","web",""
"20-0892","20-0892","2026-09-20","16:54:00","pix","aprovado","100","app",""
"20-0893","20-0893","2026-09-20","16:55:00","pix","aprovado","100","web",""
"20-0894","20-0894","2026-09-20","16:55:00","pix","aprovado","100","app",""
"20-0895","20-0895","2026-09-20","16:56:00","pix","aprovado","100","web",""
"20-0896","20-0896","2026-09-20","16:57:00","pix","aprovado","100","app",""
"20-0897","20-0897","2026-09-20","16:57:00","pix","aprovado","100","web",""
"20-0898","20-0898","2026-09-20","16:58:00","pix","aprovado","100","app",""
"20-0899","20-0899","2026-09-20","16:58:00","pix","aprovado","100","web",""
"20-0900","20-0900","2026-09-20","16:59:00","pix","aprovado","100","app",""
"20-0901","20-0901","2026-09-20","17:00:00","pix","aprovado","100","web",""
"20-0902","20-0902","2026-09-20","17:00:00","pix","aprovado","100","app",""
"20-0903","20-0903","2026-09-20","17:01:00","pix","aprovado","100","web",""
"20-0904","20-0904","2026-09-20","17:01:00","pix","aprovado","100","app",""
"20-0905","20-0905","2026-09-20","17:02:00","pix","aprovado","100","web",""
"20-0906","20-0906","2026-09-20","17:03:00","pix","aprovado","100","app",""
"20-0907","20-0907","2026-09-20","17:03:00","pix","aprovado","100","web",""
"20-0908","20-0908","2026-09-20","17:04:00","pix","aprovado","100","app",""
"20-0909","20-0909","2026-09-20","17:04:00","pix","aprovado","100","web",""
"20-0910","20-0910","2026-09-20","17:05:00","pix","aprovado","100","app",""
"20-0911","20-0911","2026-09-20","17:06:00","pix","aprovado","100","web",""
"20-0912","20-0912","2026-09-20","17:06:00","pix","aprovado","100","app",""
"20-0913","20-0913","2026-09-20","17:07:00","pix","aprovado","100","web",""
"20-0914","20-0914","2026-09-20","17:07:00","pix","aprovado","100","app",""
"20-0915","20-0915","2026-09-20","17:08:00","pix","aprovado","100","web",""
"20-0916","20-0916","2026-09-20","17:09:00","pix","aprovado","100","app",""
"20-0917","20-0917","2026-09-20","17:09:00","pix","aprovado","100","web",""
"20-0918","20-0918","2026-09-20","17:10:00","pix","aprovado","100","app",""
"20-0919","20-0919","2026-09-20","17:10:00","pix","aprovado","100","web",""
"20-0920","20-0920","2026-09-20","17:11:00","pix","aprovado","100","app",""
"20-0921","20-0921","2026-09-20","17:12:00","pix","aprovado","100","web",""
"20-0922","20-0922","2026-09-20","17:12:00","pix","aprovado","100","app",""
"20-0923","20-0923","2026-09-20","17:13:00","pix","aprovado","100","web",""
"20-0924","20-0924","2026-09-20","17:13:00","pix","aprovado","100","app",""
"20-0925","20-0925","2026-09-20","17:14:00","pix","aprovado","100","web",""
"20-0926","20-0926","2026-09-20","17:15:00","pix","aprovado","100","app",""
"20-0927","20-0927","2026-09-20","17:15:00","pix","aprovado","100","web",""
"20-0928","20-0928","2026-09-20","17:16:00","pix","aprovado","100","app",""
"20-0929","20-0929","2026-09-20","17:16:00","pix","aprovado","100","web",""
"20-0930","20-0930","2026-09-20","17:17:00","pix","aprovado","100","app",""
"20-0931","20-0931","2026-09-20","17:18:00","pix","aprovado","100","web",""
"20-0932","20-0932","2026-09-20","17:18:00","pix","aprovado","100","app",""
"20-0933","20-0933","2026-09-20","17:19:00","pix","aprovado","100","web",""
"20-0934","20-0934","2026-09-20","17:19:00","pix","aprovado","100","app",""
"20-0935","20-0935","2026-09-20","17:20:00","pix","aprovado","100","web",""
"20-0936","20-0936","2026-09-20","17:21:00","pix","aprovado","100","app",""
"20-0937","20-0937","2026-09-20","17:21:00","pix","aprovado","100","web",""
"20-0938","20-0938","2026-09-20","17:22:00","pix","aprovado","100","app",""
"20-0939","20-0939","2026-09-20","17:22:00","pix","aprovado","100","web",""
"20-0940","20-0940","2026-09-20","17:23:00","pix","aprovado","100","app",""
"20-0941","20-0941","2026-09-20","17:24:00","pix","aprovado","100","web",""
"20-0942","20-0942","2026-09-20","17:24:00","pix","aprovado","100","app",""
"20-0943","20-0943","2026-09-20","17:25:00","pix","aprovado","100","web",""
"20-0944","20-0944","2026-09-20","17:25:00","pix","aprovado","100","app",""
"20-0945","20-0945","2026-09-20","17:26:00","pix","aprovado","100","web",""
"20-0946","20-0946","2026-09-20","17:27:00","pix","aprovado","100","app",""
"20-0947","20-0947","2026-09-20","17:27:00","pix","aprovado","100","web",""
"20-0948","20-0948","2026-09-20","17:28:00","pix","aprovado","100","app",""
"20-0949","20-0949","2026-09-20","17:28:00","pix","aprovado","100","web",""
"20-0950","20-0950","2026-09-20","17:29:00","pix","aprovado","100","app",""
"20-0951","20-0951","2026-09-20","17:30:00","pix","aprovado","100","web",""
"20-0952","20-0952","2026-09-20","17:30:00","pix","aprovado","100","app",""
"20-0953","20-0953","2026-09-20","17:31:00","pix","aprovado","100","web",""
"20-0954","20-0954","2026-09-20","17:31:00","pix","aprovado","100","app",""
"20-0955","20-0955","2026-09-20","17:32:00","pix","aprovado","100","web",""
"20-0956","20-0956","2026-09-20","17:33:00","pix","aprovado","100","app",""
"20-0957","20-0957","2026-09-20","17:33:00","pix","aprovado","100","web",""
"20-0958","20-0958","2026-09-20","17:34:00","pix","aprovado","100","app",""
"20-0959","20-0959","2026-09-20","17:34:00","pix","aprovado","100","web",""
"20-0960","20-0960","2026-09-20","17:35:00","pix","aprovado","100","app",""
"20-0961","20-0961","2026-09-20","17:36:00","pix","falhou","100","web","RECUSADO"
"20-0962","20-0962","2026-09-20","17:36:00","pix","falhou","100","app","RECUSADO"
"20-0963","20-0963","2026-09-20","17:37:00","pix","falhou","100","web","RECUSADO"
"20-0964","20-0964","2026-09-20","17:37:00","pix","falhou","100","app","RECUSADO"
"20-0965","20-0965","2026-09-20","17:38:00","pix","falhou","100","web","RECUSADO"
"20-0966","20-0966","2026-09-20","17:39:00","pix","falhou","100","app","RECUSADO"
"20-0967","20-0967","2026-09-20","17:39:00","pix","falhou","100","web","RECUSADO"
"20-0968","20-0968","2026-09-20","17:40:00","pix","falhou","100","app","RECUSADO"
"20-0969","20-0969","2026-09-20","17:40:00","pix","falhou","100","web","RECUSADO"
"20-0970","20-0970","2026-09-20","17:41:00","pix","falhou","100","app","RECUSADO"
"20-0971","20-0971","2026-09-20","17:42:00","pix","falhou","100","web","RECUSADO"
"20-0972","20-0972","2026-09-20","17:42:00","pix","falhou","100","app","RECUSADO"
"20-0973","20-0973","2026-09-20","17:43:00","pix","falhou","100","web","RECUSADO"
"20-0974","20-0974","2026-09-20","17:43:00","pix","falhou","100","app","RECUSADO"
"20-0975","20-0975","2026-09-20","17:44:00","pix","falhou","100","web","RECUSADO"
"20-0976","20-0976","2026-09-20","17:45:00","pix","falhou","100","app","RECUSADO"
"20-0977","20-0977","2026-09-20","17:45:00","pix","falhou","100","web","RECUSADO"
"20-0978","20-0978","2026-09-20","17:46:00","pix","falhou","100","app","RECUSADO"
"20-0979","20-0979","2026-09-20","17:46:00","pix","falhou","100","web","RECUSADO"
"20-0980","20-0980","2026-09-20","17:47:00","pix","falhou","100","app","RECUSADO"
"20-0981","20-0981","2026-09-20","17:48:00","pix","falhou","100","web","RECUSADO"
"20-0982","20-0982","2026-09-20","17:48:00","pix","falhou","100","app","RECUSADO"
"20-0983","20-0983","2026-09-20","17:49:00","pix","falhou","100","web","RECUSADO"
"20-0984","20-0984","2026-09-20","17:49:00","pix","falhou","100","app","RECUSADO"
"20-0985","20-0985","2026-09-20","17:50:00","pix","falhou","100","web","RECUSADO"
"20-0986","20-0986","2026-09-20","17:51:00","pix","falhou","100","app","RECUSADO"
"20-0987","20-0987","2026-09-20","17:51:00","pix","falhou","100","web","RECUSADO"
"20-0988","20-0988","2026-09-20","17:52:00","pix","falhou","100","app","RECUSADO"
"20-0989","20-0989","2026-09-20","17:52:00","pix","falhou","100","web","RECUSADO"
"20-0990","20-0990","2026-09-20","17:53:00","pix","falhou","100","app","RECUSADO"
"20-0991","20-0991","2026-09-20","17:54:00","pix","falhou","100","web","RECUSADO"
"20-0992","20-0992","2026-09-20","17:54:00","pix","falhou","100","app","RECUSADO"
"20-0993","20-0993","2026-09-20","17:55:00","pix","falhou","100","web","RECUSADO"
"20-0994","20-0994","2026-09-20","17:55:00","pix","falhou","100","app","RECUSADO"
"20-0995","20-0995","2026-09-20","17:56:00","pix","falhou","100","web","RECUSADO"
"20-0996","20-0996","2026-09-20","17:57:00","pix","falhou","100","app","RECUSADO"
"20-0997","20-0997","2026-09-20","17:57:00","pix","falhou","100","web","RECUSADO"
"20-0998","20-0998","2026-09-20","17:58:00","pix","falhou","100","app","RECUSADO"
"20-0999","20-0999","2026-09-20","17:58:00","pix","falhou","100","web","RECUSADO"
"20-1000","20-1000","2026-09-20","17:59:00","pix","falhou","100","app","RECUSADO"
"19-0001","19-0001","2026-09-19","08:00:00","cartao","aprovado","100","web",""
"20-0001","20-0001","2026-09-20","08:00:00","cartao","aprovado","100","web",""
"sem-valor","sem-valor","2026-09-20","08:00:00","cartao","aprovado","","web",""
